2026-09-28 14:36:03.024 [main] INFO  com.parabank.automation.hooks.Hooks - ================================================================================
2026-09-28 14:36:03.026 [main] INFO  com.parabank.automation.hooks.Hooks - STARTING SCENARIO: Update contact info and verify persistence after relogin
2026-09-28 14:36:03.026 [main] INFO  com.parabank.automation.hooks.Hooks - Tags: [@ProfileManagement, @Security, @Regression, @RequiresAuth]
2026-09-28 14:36:03.026 [main] INFO  com.parabank.automation.hooks.Hooks - ================================================================================
2026-09-28 14:36:03.027 [main] INFO  c.p.automation.config.ConfigReader - Successfully loaded configuration properties from config.properties
2026-09-28 14:36:03.027 [main] INFO  c.p.automation.driver.DriverManager - Initializing WebDriver instance for browser: chrome, headless: true
2026-09-28 14:36:06.639 [main] INFO  c.p.automation.driver.DriverManager - WebDriver initialized successfully on thread main
2026-09-28 14:36:08.677 [main] INFO  c.p.automation.pages.LoginPage - Logging in with username: HellBound
2026-09-28 14:36:08.677 [main] INFO  c.p.automation.utils.ElementActions - Clearing and typing 'HellBound' into element: By.name: username
2026-09-28 14:36:08.728 [main] INFO  c.p.automation.utils.ElementActions - Clearing and typing 'HellBound' into element: By.name: password
2026-09-28 14:36:08.774 [main] INFO  c.p.automation.utils.ElementActions - Clicking on element: By.cssSelector: input.button[value='Log In']
2026-09-28 14:36:24.086 [main] INFO  c.p.a.stepdefinitions.CommonSteps - Logging into Parabank with username 'HellBound'
2026-09-28 14:36:24.677 [main] INFO  c.p.automation.pages.LoginPage - Logging in with username: HellBound
2026-09-28 14:36:24.677 [main] INFO  c.p.automation.utils.ElementActions - Clearing and typing 'HellBound' into element: By.name: username
2026-09-28 14:37:16.400 [main] INFO  com.parabank.automation.hooks.Hooks - ================================================================================
2026-09-28 14:37:16.401 [main] INFO  com.parabank.automation.hooks.Hooks - STARTING SCENARIO: Update contact info and verify persistence after relogin
2026-09-28 14:37:16.402 [main] INFO  com.parabank.automation.hooks.Hooks - Tags: [@ProfileManagement, @Security, @Regression, @RequiresAuth]
2026-09-28 14:37:16.402 [main] INFO  com.parabank.automation.hooks.Hooks - ================================================================================
2026-09-28 14:37:16.404 [main] INFO  c.p.automation.config.ConfigReader - Successfully loaded configuration properties from config.properties
2026-09-28 14:37:16.404 [main] INFO  c.p.automation.driver.DriverManager - Initializing WebDriver instance for browser: chrome, headless: true
2026-09-28 14:37:17.231 [main] INFO  c.p.automation.driver.DriverManager - WebDriver initialized successfully on thread main
2026-09-28 14:37:18.942 [main] INFO  c.p.automation.pages.LoginPage - Logging in with username: HellBound
2026-09-28 14:37:18.948 [main] INFO  c.p.automation.utils.ElementActions - Clearing and typing 'HellBound' into element: By.name: username
2026-09-28 14:37:18.996 [main] INFO  c.p.automation.utils.ElementActions - Clearing and typing 'HellBound' into element: By.name: password
2026-09-28 14:37:19.043 [main] INFO  c.p.automation.utils.ElementActions - Clicking on element: By.cssSelector: input.button[value='Log In']
2026-09-28 14:37:20.793 [main] INFO  c.p.automation.pages.NavigationMenu - Logging out of Parabank
2026-09-28 14:37:20.793 [main] INFO  c.p.automation.utils.ElementActions - Clicking on element: By.xpath: //div[@id='leftPanel']//a[contains(@href, 'logout.htm')]
2026-09-28 14:37:21.512 [main] INFO  c.p.a.stepdefinitions.CommonSteps - Logging into Parabank with username 'HellBound'
2026-09-28 14:37:21.826 [main] INFO  c.p.automation.pages.LoginPage - Logging in with username: HellBound
2026-09-28 14:37:21.832 [main] INFO  c.p.automation.utils.ElementActions - Clearing and typing 'HellBound' into element: By.name: username
2026-09-28 14:37:21.868 [main] INFO  c.p.automation.utils.ElementActions - Clearing and typing 'HellBound' into element: By.name: password
2026-09-28 14:37:21.908 [main] INFO  c.p.automation.utils.ElementActions - Clicking on element: By.cssSelector: input.button[value='Log In']
2026-09-28 14:37:21.949 [main] INFO  c.p.automation.pages.NavigationMenu - Navigating to: Update Contact Info
2026-09-28 14:37:21.949 [main] INFO  c.p.automation.utils.ElementActions - Clicking on element: By.xpath: //div[@id='leftPanel']//a[contains(@href, 'updateprofile.htm')]
2026-09-28 14:37:37.452 [main] ERROR com.parabank.automation.hooks.Hooks - Scenario FAILED: Update contact info and verify persistence after relogin. Capturing failure screenshot...
2026-09-28 14:37:37.530 [main] INFO  com.parabank.automation.hooks.Hooks - Tearing down WebDriver session and clearing ScenarioContext.
2026-09-28 14:37:37.639 [main] INFO  c.p.automation.driver.DriverManager - WebDriver successfully terminated on thread main
2026-09-28 14:39:06.203 [main] INFO  com.parabank.automation.hooks.Hooks - ================================================================================
2026-09-28 14:39:06.204 [main] INFO  com.parabank.automation.hooks.Hooks - STARTING SCENARIO: Update contact info and verify persistence after relogin
2026-09-28 14:39:06.205 [main] INFO  com.parabank.automation.hooks.Hooks - Tags: [@ProfileManagement, @Security, @Regression, @RequiresAuth]
2026-09-28 14:39:06.205 [main] INFO  com.parabank.automation.hooks.Hooks - ================================================================================
2026-09-28 14:39:06.206 [main] INFO  c.p.automation.config.ConfigReader - Successfully loaded configuration properties from config.properties
2026-09-28 14:39:06.206 [main] INFO  c.p.automation.driver.DriverManager - Initializing WebDriver instance for browser: chrome, headless: true
2026-09-28 14:39:07.036 [main] INFO  c.p.automation.driver.DriverManager - WebDriver initialized successfully on thread main
2026-09-28 14:39:08.840 [main] INFO  c.p.a.stepdefinitions.CommonSteps - Logging into Parabank with username 'HellBound'
2026-09-28 14:39:09.307 [main] INFO  c.p.automation.pages.LoginPage - Logging in with username: HellBound
2026-09-28 14:39:09.314 [main] INFO  c.p.automation.utils.ElementActions - Clearing and typing 'HellBound' into element: By.name: username
2026-09-28 14:39:09.375 [main] INFO  c.p.automation.utils.ElementActions - Clearing and typing 'HellBound' into element: By.name: password
2026-09-28 14:39:09.424 [main] INFO  c.p.automation.pages.LoginPage - Submitting login form
2026-09-28 14:39:09.425 [main] INFO  c.p.automation.utils.ElementActions - Clicking on element: By.cssSelector: input.button[value='Log In']
2026-09-28 14:39:10.778 [main] INFO  c.p.automation.pages.NavigationMenu - Navigating to: Update Contact Info
2026-09-28 14:39:10.778 [main] INFO  c.p.automation.utils.ElementActions - Clicking on element: By.xpath: //div[@id='leftPanel']//a[contains(@href, 'updateprofile.htm')]
2026-09-28 14:39:11.682 [main] INFO  c.p.a.pages.UpdateProfilePage - Updating contact info: Street='777 Quantum Way', City='Cyberville', State='WA', Zip='98052', Phone='425-555-0144'
2026-09-28 14:39:11.701 [main] INFO  c.p.automation.utils.ElementActions - Clearing and typing '777 Quantum Way' into element: By.id: customer.address.street
2026-09-28 14:39:11.749 [main] INFO  c.p.automation.utils.ElementActions - Clearing and typing 'Cyberville' into element: By.id: customer.address.city
2026-09-28 14:39:11.792 [main] INFO  c.p.automation.utils.ElementActions - Clearing and typing 'WA' into element: By.id: customer.address.state
2026-09-28 14:39:11.834 [main] INFO  c.p.automation.utils.ElementActions - Clearing and typing '98052' into element: By.id: customer.address.zipCode
2026-09-28 14:39:11.876 [main] INFO  c.p.automation.utils.ElementActions - Clearing and typing '425-555-0144' into element: By.id: customer.phoneNumber
2026-09-28 14:39:11.916 [main] INFO  c.p.automation.utils.ElementActions - Clicking on element: By.cssSelector: input.button[value='Update Profile']
2026-09-28 14:39:12.017 [main] ERROR com.parabank.automation.hooks.Hooks - Scenario FAILED: Update contact info and verify persistence after relogin. Capturing failure screenshot...
2026-09-28 14:39:12.047 [main] INFO  com.parabank.automation.hooks.Hooks - Tearing down WebDriver session and clearing ScenarioContext.
2026-09-28 14:39:12.127 [main] INFO  c.p.automation.driver.DriverManager - WebDriver successfully terminated on thread main
2026-09-28 14:40:14.422 [main] INFO  com.parabank.automation.hooks.Hooks - ================================================================================
2026-09-28 14:40:14.424 [main] INFO  com.parabank.automation.hooks.Hooks - STARTING SCENARIO: Update contact info and verify persistence after relogin
2026-09-28 14:40:14.424 [main] INFO  com.parabank.automation.hooks.Hooks - Tags: [@ProfileManagement, @Security, @Regression, @RequiresAuth]
2026-09-28 14:40:14.424 [main] INFO  com.parabank.automation.hooks.Hooks - ================================================================================
2026-09-28 14:40:14.426 [main] INFO  c.p.automation.config.ConfigReader - Successfully loaded configuration properties from config.properties
2026-09-28 14:40:14.426 [main] INFO  c.p.automation.driver.DriverManager - Initializing WebDriver instance for browser: chrome, headless: true
2026-09-28 14:40:15.412 [main] INFO  c.p.automation.driver.DriverManager - WebDriver initialized successfully on thread main
2026-09-28 14:40:17.515 [main] INFO  c.p.a.stepdefinitions.CommonSteps - Logging into Parabank with username 'HellBound'
2026-09-28 14:40:17.981 [main] INFO  c.p.automation.pages.LoginPage - Logging in with username: HellBound
2026-09-28 14:40:17.990 [main] INFO  c.p.automation.utils.ElementActions - Clearing and typing 'HellBound' into element: By.name: username
2026-09-28 14:40:18.045 [main] INFO  c.p.automation.utils.ElementActions - Clearing and typing 'HellBound' into element: By.name: password
2026-09-28 14:40:18.091 [main] INFO  c.p.automation.pages.LoginPage - Submitting login form
2026-09-28 14:40:18.091 [main] INFO  c.p.automation.utils.ElementActions - Clicking on element: By.cssSelector: input.button[value='Log In']
2026-09-28 14:40:18.869 [main] INFO  c.p.automation.pages.NavigationMenu - Navigating to: Update Contact Info
2026-09-28 14:40:18.869 [main] INFO  c.p.automation.utils.ElementActions - Clicking on element: By.xpath: //div[@id='leftPanel']//a[contains(@href, 'updateprofile.htm')]
2026-09-28 14:40:19.737 [main] INFO  c.p.a.pages.UpdateProfilePage - Updating contact info: Street='777 Quantum Way', City='Cyberville', State='WA', Zip='98052', Phone='425-555-0144'
2026-09-28 14:40:19.758 [main] INFO  c.p.automation.utils.ElementActions - Clearing and typing '777 Quantum Way' into element: By.id: customer.address.street
2026-09-28 14:40:19.803 [main] INFO  c.p.automation.utils.ElementActions - Clearing and typing 'Cyberville' into element: By.id: customer.address.city
2026-09-28 14:40:19.864 [main] INFO  c.p.automation.utils.ElementActions - Clearing and typing 'WA' into element: By.id: customer.address.state
2026-09-28 14:40:19.907 [main] INFO  c.p.automation.utils.ElementActions - Clearing and typing '98052' into element: By.id: customer.address.zipCode
2026-09-28 14:40:19.950 [main] INFO  c.p.automation.utils.ElementActions - Clearing and typing '425-555-0144' into element: By.id: customer.phoneNumber
2026-09-28 14:40:19.994 [main] INFO  c.p.automation.utils.ElementActions - Clicking on element: By.cssSelector: input.button[value='Update Profile']
2026-09-28 14:40:35.613 [main] ERROR com.parabank.automation.hooks.Hooks - Scenario FAILED: Update contact info and verify persistence after relogin. Capturing failure screenshot...
2026-09-28 14:40:35.644 [main] INFO  com.parabank.automation.hooks.Hooks - Tearing down WebDriver session and clearing ScenarioContext.
2026-09-28 14:40:35.746 [main] INFO  c.p.automation.driver.DriverManager - WebDriver successfully terminated on thread main
2026-09-28 14:41:16.333 [main] INFO  com.parabank.automation.hooks.Hooks - ================================================================================
2026-09-28 14:41:16.334 [main] INFO  com.parabank.automation.hooks.Hooks - STARTING SCENARIO: Update contact info and verify persistence after relogin
2026-09-28 14:41:16.335 [main] INFO  com.parabank.automation.hooks.Hooks - Tags: [@ProfileManagement, @Security, @Regression, @RequiresAuth]
2026-09-28 14:41:16.335 [main] INFO  com.parabank.automation.hooks.Hooks - ================================================================================
2026-09-28 14:41:16.336 [main] INFO  c.p.automation.config.ConfigReader - Successfully loaded configuration properties from config.properties
2026-09-28 14:41:16.336 [main] INFO  c.p.automation.driver.DriverManager - Initializing WebDriver instance for browser: chrome, headless: true
2026-09-28 14:41:17.155 [main] INFO  c.p.automation.driver.DriverManager - WebDriver initialized successfully on thread main
2026-09-28 14:41:19.566 [main] INFO  c.p.a.stepdefinitions.CommonSteps - Logging into Parabank with username 'HellBound'
2026-09-28 14:41:20.034 [main] INFO  c.p.automation.pages.LoginPage - Logging in with username: HellBound
2026-09-28 14:41:20.043 [main] INFO  c.p.automation.utils.ElementActions - Clearing and typing 'HellBound' into element: By.name: username
2026-09-28 14:41:20.100 [main] INFO  c.p.automation.utils.ElementActions - Clearing and typing 'HellBound' into element: By.name: password
2026-09-28 14:41:20.152 [main] INFO  c.p.automation.pages.LoginPage - Submitting login form
2026-09-28 14:41:20.152 [main] INFO  c.p.automation.utils.ElementActions - Clicking on element: By.cssSelector: input.button[value='Log In']
2026-09-28 14:41:21.466 [main] INFO  c.p.automation.pages.NavigationMenu - Navigating to: Update Contact Info
2026-09-28 14:41:21.466 [main] INFO  c.p.automation.utils.ElementActions - Clicking on element: By.xpath: //div[@id='leftPanel']//a[contains(@href, 'updateprofile.htm')]
2026-09-28 14:41:22.361 [main] INFO  c.p.a.pages.UpdateProfilePage - Updating contact info: Street='777 Quantum Way', City='Cyberville', State='WA', Zip='98052', Phone='425-555-0144'
2026-09-28 14:41:22.401 [main] INFO  c.p.automation.utils.ElementActions - Clearing and typing '777 Quantum Way' into element: By.id: customer.address.street
2026-09-28 14:41:22.444 [main] INFO  c.p.automation.utils.ElementActions - Clearing and typing 'Cyberville' into element: By.id: customer.address.city
2026-09-28 14:41:22.487 [main] INFO  c.p.automation.utils.ElementActions - Clearing and typing 'WA' into element: By.id: customer.address.state
2026-09-28 14:41:22.529 [main] INFO  c.p.automation.utils.ElementActions - Clearing and typing '98052' into element: By.id: customer.address.zipCode
2026-09-28 14:41:22.567 [main] INFO  c.p.automation.utils.ElementActions - Clearing and typing '425-555-0144' into element: By.id: customer.phoneNumber
2026-09-28 14:41:22.621 [main] INFO  c.p.automation.utils.ElementActions - JS clicking on element: By.cssSelector: input.button[value='Update Profile']
2026-09-28 14:41:37.753 [main] ERROR com.parabank.automation.hooks.Hooks - Scenario FAILED: Update contact info and verify persistence after relogin. Capturing failure screenshot...
2026-09-28 14:41:37.780 [main] INFO  com.parabank.automation.hooks.Hooks - Tearing down WebDriver session and clearing ScenarioContext.
2026-09-28 14:41:37.912 [main] INFO  c.p.automation.driver.DriverManager - WebDriver successfully terminated on thread main
2026-09-28 14:42:42.904 [main] INFO  com.parabank.automation.hooks.Hooks - ================================================================================
2026-09-28 14:42:42.905 [main] INFO  com.parabank.automation.hooks.Hooks - STARTING SCENARIO: Successfully open new savings account and verify ledger balance integrity
2026-09-28 14:42:42.906 [main] INFO  com.parabank.automation.hooks.Hooks - Tags: [@AccountLifecycle, @Regression, @RequiresAuth]
2026-09-28 14:42:42.906 [main] INFO  com.parabank.automation.hooks.Hooks - ================================================================================
2026-09-28 14:42:42.907 [main] INFO  c.p.automation.config.ConfigReader - Successfully loaded configuration properties from config.properties
2026-09-28 14:42:42.907 [main] INFO  c.p.automation.driver.DriverManager - Initializing WebDriver instance for browser: chrome, headless: true
2026-09-28 14:42:43.735 [main] INFO  c.p.automation.driver.DriverManager - WebDriver initialized successfully on thread main
2026-09-28 14:42:45.313 [main] INFO  c.p.a.stepdefinitions.CommonSteps - Logging into Parabank with username 'HellBound'
2026-09-28 14:42:45.781 [main] INFO  c.p.automation.pages.LoginPage - Logging in with username: HellBound
2026-09-28 14:42:45.790 [main] INFO  c.p.automation.utils.ElementActions - Clearing and typing 'HellBound' into element: By.name: username
2026-09-28 14:42:45.847 [main] INFO  c.p.automation.utils.ElementActions - Clearing and typing 'HellBound' into element: By.name: password
2026-09-28 14:42:45.898 [main] INFO  c.p.automation.pages.LoginPage - Submitting login form
2026-09-28 14:42:45.898 [main] INFO  c.p.automation.utils.ElementActions - Clicking on element: By.cssSelector: input.button[value='Log In']
2026-09-28 14:42:46.696 [main] INFO  c.p.a.pages.AccountsOverviewPage - Waiting for Accounts Overview table to dynamically render...
2026-09-28 14:42:47.236 [main] INFO  c.p.a.pages.AccountsOverviewPage - Waiting for Accounts Overview table to dynamically render...
2026-09-28 14:42:47.269 [main] INFO  c.p.a.pages.AccountsOverviewPage - Found 1 active accounts: [13677]
2026-09-28 14:42:47.315 [main] INFO  c.p.a.pages.AccountsOverviewPage - Waiting for Accounts Overview table to dynamically render...
2026-09-28 14:42:47.354 [main] INFO  c.p.a.pages.AccountsOverviewPage - Waiting for Accounts Overview table to dynamically render...
2026-09-28 14:42:47.389 [main] INFO  c.p.a.s.AccountLifecycleSteps - Primary Account ID: 13677, Initial Balance: $515.5, Portfolio Total: $515.5
2026-09-28 14:42:47.390 [main] INFO  c.p.automation.pages.NavigationMenu - Navigating to: Open New Account
2026-09-28 14:42:47.390 [main] INFO  c.p.automation.utils.ElementActions - Clicking on element: By.xpath: //div[@id='leftPanel']//a[contains(@href, 'openaccount.htm')]
2026-09-28 14:42:47.442 [main] INFO  c.p.automation.pages.OpenAccountPage - Selecting account type: SAVINGS
2026-09-28 14:43:02.919 [main] ERROR com.parabank.automation.hooks.Hooks - Scenario FAILED: Successfully open new savings account and verify ledger balance integrity. Capturing failure screenshot...
2026-09-28 14:43:02.957 [main] INFO  com.parabank.automation.hooks.Hooks - Tearing down WebDriver session and clearing ScenarioContext.
2026-09-28 14:43:03.065 [main] INFO  c.p.automation.driver.DriverManager - WebDriver successfully terminated on thread main
2026-09-28 14:43:52.782 [main] INFO  com.parabank.automation.hooks.Hooks - ================================================================================
2026-09-28 14:43:52.782 [main] INFO  com.parabank.automation.hooks.Hooks - STARTING SCENARIO: Successfully open new savings account and verify ledger balance integrity
2026-09-28 14:43:52.783 [main] INFO  com.parabank.automation.hooks.Hooks - Tags: [@AccountLifecycle, @Regression, @RequiresAuth]
2026-09-28 14:43:52.783 [main] INFO  com.parabank.automation.hooks.Hooks - ================================================================================
2026-09-28 14:43:52.784 [main] INFO  c.p.automation.config.ConfigReader - Successfully loaded configuration properties from config.properties
2026-09-28 14:43:52.784 [main] INFO  c.p.automation.driver.DriverManager - Initializing WebDriver instance for browser: chrome, headless: true
2026-09-28 14:43:53.577 [main] INFO  c.p.automation.driver.DriverManager - WebDriver initialized successfully on thread main
2026-09-28 14:43:55.201 [main] INFO  c.p.a.stepdefinitions.CommonSteps - Logging into Parabank with username 'HellBound'
2026-09-28 14:43:55.699 [main] INFO  c.p.automation.pages.LoginPage - Logging in with username: HellBound
2026-09-28 14:43:55.709 [main] INFO  c.p.automation.utils.ElementActions - Clearing and typing 'HellBound' into element: By.name: username
2026-09-28 14:43:55.766 [main] INFO  c.p.automation.utils.ElementActions - Clearing and typing 'HellBound' into element: By.name: password
2026-09-28 14:43:55.824 [main] INFO  c.p.automation.pages.LoginPage - Submitting login form
2026-09-28 14:43:55.824 [main] INFO  c.p.automation.utils.ElementActions - Clicking on element: By.cssSelector: input.button[value='Log In']
2026-09-28 14:43:57.360 [main] INFO  c.p.a.pages.AccountsOverviewPage - Waiting for Accounts Overview table to dynamically render...
2026-09-28 14:43:57.395 [main] INFO  c.p.a.pages.AccountsOverviewPage - Waiting for Accounts Overview table to dynamically render...
2026-09-28 14:43:57.439 [main] INFO  c.p.a.pages.AccountsOverviewPage - Found 1 active accounts: [13677]
2026-09-28 14:43:57.490 [main] INFO  c.p.a.pages.AccountsOverviewPage - Waiting for Accounts Overview table to dynamically render...
2026-09-28 14:43:57.548 [main] INFO  c.p.a.pages.AccountsOverviewPage - Waiting for Accounts Overview table to dynamically render...
2026-09-28 14:43:57.620 [main] INFO  c.p.a.s.AccountLifecycleSteps - Primary Account ID: 13677, Initial Balance: $515.5, Portfolio Total: $515.5
2026-09-28 14:43:57.621 [main] INFO  c.p.automation.pages.NavigationMenu - Navigating to 'openaccount.htm' using link: By.xpath: //div[@id='leftPanel']//a[contains(@href, 'openaccount.htm')]
2026-09-28 14:43:57.622 [main] INFO  c.p.automation.utils.ElementActions - Clicking on element: By.xpath: //div[@id='leftPanel']//a[contains(@href, 'openaccount.htm')]
2026-09-28 14:44:13.051 [main] WARN  c.p.automation.pages.NavigationMenu - Standard click on By.xpath: //div[@id='leftPanel']//a[contains(@href, 'openaccount.htm')] did not transition to 'openaccount.htm'. Retrying with JS click.
2026-09-28 14:44:13.051 [main] INFO  c.p.automation.utils.ElementActions - JS clicking on element: By.xpath: //div[@id='leftPanel']//a[contains(@href, 'openaccount.htm')]
2026-09-28 14:44:13.944 [main] INFO  c.p.automation.pages.OpenAccountPage - Selecting account type: SAVINGS
2026-09-28 14:44:13.961 [main] INFO  c.p.automation.utils.ElementActions - Selecting option value '1' from dropdown: By.id: type
2026-09-28 14:44:14.022 [main] INFO  c.p.automation.pages.OpenAccountPage - Selecting source account: 13677
2026-09-28 14:44:14.056 [main] INFO  c.p.automation.utils.ElementActions - Selecting option '13677' from dropdown: By.id: fromAccountId
2026-09-28 14:44:14.096 [main] INFO  c.p.automation.pages.OpenAccountPage - Submitting open account request
2026-09-28 14:44:14.097 [main] INFO  c.p.automation.utils.ElementActions - Clicking on element: By.cssSelector: input.button[value='Open New Account']
2026-09-28 14:44:29.286 [main] ERROR com.parabank.automation.hooks.Hooks - Scenario FAILED: Successfully open new savings account and verify ledger balance integrity. Capturing failure screenshot...
2026-09-28 14:44:29.333 [main] INFO  com.parabank.automation.hooks.Hooks - Tearing down WebDriver session and clearing ScenarioContext.
2026-09-28 14:44:29.452 [main] INFO  c.p.automation.driver.DriverManager - WebDriver successfully terminated on thread main
2026-09-28 14:45:27.468 [main] INFO  com.parabank.automation.hooks.Hooks - ================================================================================
2026-09-28 14:45:27.469 [main] INFO  com.parabank.automation.hooks.Hooks - STARTING SCENARIO: Successfully open new savings account and verify ledger balance integrity
2026-09-28 14:45:27.470 [main] INFO  com.parabank.automation.hooks.Hooks - Tags: [@AccountLifecycle, @Regression, @RequiresAuth]
2026-09-28 14:45:27.470 [main] INFO  com.parabank.automation.hooks.Hooks - ================================================================================
2026-09-28 14:45:27.471 [main] INFO  c.p.automation.config.ConfigReader - Successfully loaded configuration properties from config.properties
2026-09-28 14:45:27.471 [main] INFO  c.p.automation.driver.DriverManager - Initializing WebDriver instance for browser: chrome, headless: true
2026-09-28 14:45:28.318 [main] INFO  c.p.automation.driver.DriverManager - WebDriver initialized successfully on thread main
2026-09-28 14:45:30.459 [main] INFO  c.p.a.stepdefinitions.CommonSteps - Logging into Parabank with username 'HellBound'
2026-09-28 14:45:30.981 [main] INFO  c.p.automation.pages.LoginPage - Logging in with username: HellBound
2026-09-28 14:45:30.991 [main] INFO  c.p.automation.utils.ElementActions - Clearing and typing 'HellBound' into element: By.name: username
2026-09-28 14:45:31.050 [main] INFO  c.p.automation.utils.ElementActions - Clearing and typing 'HellBound' into element: By.name: password
2026-09-28 14:45:31.098 [main] INFO  c.p.automation.pages.LoginPage - Submitting login form
2026-09-28 14:45:31.099 [main] INFO  c.p.automation.utils.ElementActions - Clicking on element: By.cssSelector: input.button[value='Log In']
2026-09-28 14:45:32.009 [main] INFO  c.p.a.pages.AccountsOverviewPage - Waiting for Accounts Overview table to dynamically render...
2026-09-28 14:45:32.558 [main] INFO  c.p.a.pages.AccountsOverviewPage - Waiting for Accounts Overview table to dynamically render...
2026-09-28 14:45:32.596 [main] INFO  c.p.a.pages.AccountsOverviewPage - Found 1 active accounts: [13677]
2026-09-28 14:45:32.642 [main] INFO  c.p.a.pages.AccountsOverviewPage - Waiting for Accounts Overview table to dynamically render...
2026-09-28 14:45:32.712 [main] INFO  c.p.a.pages.AccountsOverviewPage - Waiting for Accounts Overview table to dynamically render...
2026-09-28 14:45:32.759 [main] INFO  c.p.a.s.AccountLifecycleSteps - Primary Account ID: 13677, Initial Balance: $515.5, Portfolio Total: $515.5
2026-09-28 14:45:32.759 [main] INFO  c.p.automation.pages.NavigationMenu - Navigating to 'openaccount.htm' using link: By.xpath: //div[@id='leftPanel']//a[contains(@href, 'openaccount.htm')]
2026-09-28 14:45:32.760 [main] INFO  c.p.automation.utils.ElementActions - Clicking on element: By.xpath: //div[@id='leftPanel']//a[contains(@href, 'openaccount.htm')]
2026-09-28 14:45:48.138 [main] WARN  c.p.automation.pages.NavigationMenu - Standard click on By.xpath: //div[@id='leftPanel']//a[contains(@href, 'openaccount.htm')] did not transition to 'openaccount.htm'. Retrying with JS click.
2026-09-28 14:45:48.138 [main] INFO  c.p.automation.utils.ElementActions - JS clicking on element: By.xpath: //div[@id='leftPanel']//a[contains(@href, 'openaccount.htm')]
2026-09-28 14:45:49.060 [main] INFO  c.p.automation.pages.OpenAccountPage - Selecting account type: SAVINGS
2026-09-28 14:45:49.107 [main] INFO  c.p.automation.utils.ElementActions - Selecting option value '1' from dropdown: By.id: type
2026-09-28 14:45:49.173 [main] INFO  c.p.automation.pages.OpenAccountPage - Selecting source account: 13677
2026-09-28 14:45:49.213 [main] INFO  c.p.automation.utils.ElementActions - Selecting option '13677' from dropdown: By.id: fromAccountId
2026-09-28 14:45:49.265 [main] INFO  c.p.automation.pages.OpenAccountPage - Submitting open account request
2026-09-28 14:45:49.842 [main] INFO  c.p.automation.pages.OpenAccountPage - Newly created account number: 22002
2026-09-28 14:45:49.844 [main] INFO  c.p.a.s.AccountLifecycleSteps - Successfully created and captured new account ID: 22002
2026-09-28 14:45:49.845 [main] INFO  c.p.automation.pages.NavigationMenu - Navigating to 'overview.htm' using link: By.xpath: //div[@id='leftPanel']//a[contains(@href, 'overview.htm')]
2026-09-28 14:45:49.845 [main] INFO  c.p.automation.utils.ElementActions - Clicking on element: By.xpath: //div[@id='leftPanel']//a[contains(@href, 'overview.htm')]
2026-09-28 14:46:05.227 [main] WARN  c.p.automation.pages.NavigationMenu - Standard click on By.xpath: //div[@id='leftPanel']//a[contains(@href, 'overview.htm')] did not transition to 'overview.htm'. Retrying with JS click.
2026-09-28 14:46:05.228 [main] INFO  c.p.automation.utils.ElementActions - JS clicking on element: By.xpath: //div[@id='leftPanel']//a[contains(@href, 'overview.htm')]
2026-09-28 14:46:06.859 [main] INFO  c.p.a.pages.AccountsOverviewPage - Waiting for Accounts Overview table to dynamically render...
2026-09-28 14:46:06.884 [main] INFO  c.p.a.pages.AccountsOverviewPage - Waiting for Accounts Overview table to dynamically render...
2026-09-28 14:46:06.922 [main] INFO  c.p.a.pages.AccountsOverviewPage - Found 2 active accounts: [13677, 22002]
2026-09-28 14:46:06.923 [main] INFO  c.p.a.pages.AccountsOverviewPage - Waiting for Accounts Overview table to dynamically render...
2026-09-28 14:46:06.963 [main] INFO  c.p.a.s.AccountLifecycleSteps - New account 22002 verified with initial deposit of $100.0
2026-09-28 14:46:06.964 [main] INFO  c.p.a.pages.AccountsOverviewPage - Waiting for Accounts Overview table to dynamically render...
2026-09-28 14:46:06.986 [main] INFO  c.p.a.pages.AccountsOverviewPage - Waiting for Accounts Overview table to dynamically render...
2026-09-28 14:46:07.019 [main] INFO  c.p.a.pages.AccountsOverviewPage - Waiting for Accounts Overview table to dynamically render...
2026-09-28 14:46:07.059 [main] INFO  c.p.a.pages.AccountsOverviewPage - Waiting for Accounts Overview table to dynamically render...
2026-09-28 14:46:07.080 [main] INFO  c.p.a.pages.AccountsOverviewPage - Waiting for Accounts Overview table to dynamically render...
2026-09-28 14:46:07.116 [main] INFO  c.p.a.pages.AccountsOverviewPage - Found 2 active accounts: [13677, 22002]
2026-09-28 14:46:07.116 [main] INFO  c.p.a.pages.AccountsOverviewPage - Waiting for Accounts Overview table to dynamically render...
2026-09-28 14:46:07.152 [main] INFO  c.p.a.pages.AccountsOverviewPage - Waiting for Accounts Overview table to dynamically render...
2026-09-28 14:46:07.191 [main] INFO  c.p.a.pages.AccountsOverviewPage - Waiting for Accounts Overview table to dynamically render...
2026-09-28 14:46:07.247 [main] INFO  c.p.a.pages.AccountsOverviewPage - Clicking on account link: 22002
2026-09-28 14:46:07.247 [main] INFO  c.p.automation.utils.ElementActions - Clicking on element: By.xpath: //table[@id='accountTable']//a[normalize-space()='22002']
2026-09-28 14:46:22.837 [main] ERROR com.parabank.automation.hooks.Hooks - Scenario FAILED: Successfully open new savings account and verify ledger balance integrity. Capturing failure screenshot...
2026-09-28 14:46:22.880 [main] INFO  com.parabank.automation.hooks.Hooks - Tearing down WebDriver session and clearing ScenarioContext.
2026-09-28 14:46:23.016 [main] INFO  c.p.automation.driver.DriverManager - WebDriver successfully terminated on thread main
2026-09-28 14:46:52.060 [main] INFO  com.parabank.automation.hooks.Hooks - ================================================================================
2026-09-28 14:46:52.061 [main] INFO  com.parabank.automation.hooks.Hooks - STARTING SCENARIO: Successfully open new savings account and verify ledger balance integrity
2026-09-28 14:46:52.062 [main] INFO  com.parabank.automation.hooks.Hooks - Tags: [@AccountLifecycle, @Regression, @RequiresAuth]
2026-09-28 14:46:52.062 [main] INFO  com.parabank.automation.hooks.Hooks - ================================================================================
2026-09-28 14:46:52.063 [main] INFO  c.p.automation.config.ConfigReader - Successfully loaded configuration properties from config.properties
2026-09-28 14:46:52.064 [main] INFO  c.p.automation.driver.DriverManager - Initializing WebDriver instance for browser: chrome, headless: true
2026-09-28 14:46:53.080 [main] INFO  c.p.automation.driver.DriverManager - WebDriver initialized successfully on thread main
2026-09-28 14:46:55.207 [main] INFO  c.p.a.stepdefinitions.CommonSteps - Logging into Parabank with username 'HellBound'
2026-09-28 14:46:55.686 [main] INFO  c.p.automation.pages.LoginPage - Logging in with username: HellBound
2026-09-28 14:46:55.695 [main] INFO  c.p.automation.utils.ElementActions - Clearing and typing 'HellBound' into element: By.name: username
2026-09-28 14:46:55.771 [main] INFO  c.p.automation.utils.ElementActions - Clearing and typing 'HellBound' into element: By.name: password
2026-09-28 14:46:55.826 [main] INFO  c.p.automation.pages.LoginPage - Submitting login form
2026-09-28 14:46:55.827 [main] INFO  c.p.automation.utils.ElementActions - Clicking on element: By.cssSelector: input.button[value='Log In']
2026-09-28 14:46:57.172 [main] INFO  c.p.a.pages.AccountsOverviewPage - Waiting for Accounts Overview table to dynamically render...
2026-09-28 14:46:57.212 [main] INFO  c.p.a.pages.AccountsOverviewPage - Waiting for Accounts Overview table to dynamically render...
2026-09-28 14:46:57.273 [main] INFO  c.p.a.pages.AccountsOverviewPage - Found 2 active accounts: [13677, 22002]
2026-09-28 14:46:57.330 [main] INFO  c.p.a.pages.AccountsOverviewPage - Waiting for Accounts Overview table to dynamically render...
2026-09-28 14:46:57.445 [main] INFO  c.p.a.pages.AccountsOverviewPage - Waiting for Accounts Overview table to dynamically render...
2026-09-28 14:46:57.527 [main] INFO  c.p.a.s.AccountLifecycleSteps - Primary Account ID: 13677, Initial Balance: $415.5, Portfolio Total: $515.5
2026-09-28 14:46:57.528 [main] INFO  c.p.automation.pages.NavigationMenu - Navigating to 'openaccount.htm' using link: By.xpath: //div[@id='leftPanel']//a[contains(@href, 'openaccount.htm')]
2026-09-28 14:46:57.528 [main] INFO  c.p.automation.utils.ElementActions - JS clicking on element: By.xpath: //div[@id='leftPanel']//a[contains(@href, 'openaccount.htm')]
2026-09-28 14:46:58.457 [main] INFO  c.p.automation.pages.OpenAccountPage - Selecting account type: SAVINGS
2026-09-28 14:46:58.543 [main] INFO  c.p.automation.utils.ElementActions - Selecting option value '1' from dropdown: By.id: type
2026-09-28 14:46:58.621 [main] INFO  c.p.automation.pages.OpenAccountPage - Selecting source account: 13677
2026-09-28 14:46:58.664 [main] INFO  c.p.automation.utils.ElementActions - Selecting option '13677' from dropdown: By.id: fromAccountId
2026-09-28 14:46:58.722 [main] INFO  c.p.automation.pages.OpenAccountPage - Submitting open account request
2026-09-28 14:46:59.314 [main] INFO  c.p.automation.pages.OpenAccountPage - Newly created account number: 22113
2026-09-28 14:46:59.318 [main] INFO  c.p.a.s.AccountLifecycleSteps - Successfully created and captured new account ID: 22113
2026-09-28 14:46:59.319 [main] INFO  c.p.automation.pages.NavigationMenu - Navigating to 'overview.htm' using link: By.xpath: //div[@id='leftPanel']//a[contains(@href, 'overview.htm')]
2026-09-28 14:46:59.319 [main] INFO  c.p.automation.utils.ElementActions - JS clicking on element: By.xpath: //div[@id='leftPanel']//a[contains(@href, 'overview.htm')]
2026-09-28 14:47:00.196 [main] INFO  c.p.a.pages.AccountsOverviewPage - Waiting for Accounts Overview table to dynamically render...
2026-09-28 14:47:00.228 [main] INFO  c.p.a.pages.AccountsOverviewPage - Waiting for Accounts Overview table to dynamically render...
2026-09-28 14:47:00.292 [main] INFO  c.p.a.pages.AccountsOverviewPage - Found 3 active accounts: [13677, 22002, 22113]
2026-09-28 14:47:00.292 [main] INFO  c.p.a.pages.AccountsOverviewPage - Waiting for Accounts Overview table to dynamically render...
2026-09-28 14:47:00.354 [main] INFO  c.p.a.s.AccountLifecycleSteps - New account 22113 verified with initial deposit of $100.0
2026-09-28 14:47:00.356 [main] INFO  c.p.a.pages.AccountsOverviewPage - Waiting for Accounts Overview table to dynamically render...
2026-09-28 14:47:00.389 [main] INFO  c.p.a.pages.AccountsOverviewPage - Waiting for Accounts Overview table to dynamically render...
2026-09-28 14:47:00.470 [main] INFO  c.p.a.pages.AccountsOverviewPage - Waiting for Accounts Overview table to dynamically render...
2026-09-28 14:47:00.550 [main] INFO  c.p.a.pages.AccountsOverviewPage - Waiting for Accounts Overview table to dynamically render...
2026-09-28 14:47:00.593 [main] INFO  c.p.a.pages.AccountsOverviewPage - Waiting for Accounts Overview table to dynamically render...
2026-09-28 14:47:00.668 [main] INFO  c.p.a.pages.AccountsOverviewPage - Found 3 active accounts: [13677, 22002, 22113]
2026-09-28 14:47:00.668 [main] INFO  c.p.a.pages.AccountsOverviewPage - Waiting for Accounts Overview table to dynamically render...
2026-09-28 14:47:00.757 [main] INFO  c.p.a.pages.AccountsOverviewPage - Waiting for Accounts Overview table to dynamically render...
2026-09-28 14:47:00.814 [main] INFO  c.p.a.pages.AccountsOverviewPage - Waiting for Accounts Overview table to dynamically render...
2026-09-28 14:47:00.863 [main] INFO  c.p.a.pages.AccountsOverviewPage - Waiting for Accounts Overview table to dynamically render...
2026-09-28 14:47:00.917 [main] INFO  c.p.a.pages.AccountsOverviewPage - Clicking on account link: 22113
2026-09-28 14:47:00.933 [main] INFO  c.p.automation.utils.ElementActions - JS clicking on element: By.xpath: //table[@id='accountTable']//a[normalize-space()='22113']
2026-09-28 14:47:01.892 [main] INFO  com.parabank.automation.hooks.Hooks - Scenario PASSED: Successfully open new savings account and verify ledger balance integrity
2026-09-28 14:47:01.893 [main] INFO  com.parabank.automation.hooks.Hooks - Tearing down WebDriver session and clearing ScenarioContext.
2026-09-28 14:47:01.996 [main] INFO  c.p.automation.driver.DriverManager - WebDriver successfully terminated on thread main
2026-09-28 14:47:13.964 [main] INFO  com.parabank.automation.hooks.Hooks - ================================================================================
2026-09-28 14:47:13.965 [main] INFO  com.parabank.automation.hooks.Hooks - STARTING SCENARIO: Execute internal funds transfer and audit debit-credit consistency
2026-09-28 14:47:13.966 [main] INFO  com.parabank.automation.hooks.Hooks - Tags: [@FundTransfer, @Regression, @RequiresAuth]
2026-09-28 14:47:13.966 [main] INFO  com.parabank.automation.hooks.Hooks - ================================================================================
2026-09-28 14:47:13.967 [main] INFO  c.p.automation.config.ConfigReader - Successfully loaded configuration properties from config.properties
2026-09-28 14:47:13.968 [main] INFO  c.p.automation.driver.DriverManager - Initializing WebDriver instance for browser: chrome, headless: true
2026-09-28 14:47:14.802 [main] INFO  c.p.automation.driver.DriverManager - WebDriver initialized successfully on thread main
2026-09-28 14:47:16.388 [main] INFO  c.p.a.stepdefinitions.CommonSteps - Logging into Parabank with username 'HellBound'
2026-09-28 14:47:16.845 [main] INFO  c.p.automation.pages.LoginPage - Logging in with username: HellBound
2026-09-28 14:47:16.855 [main] INFO  c.p.automation.utils.ElementActions - Clearing and typing 'HellBound' into element: By.name: username
2026-09-28 14:47:16.907 [main] INFO  c.p.automation.utils.ElementActions - Clearing and typing 'HellBound' into element: By.name: password
2026-09-28 14:47:16.971 [main] INFO  c.p.automation.pages.LoginPage - Submitting login form
2026-09-28 14:47:16.971 [main] INFO  c.p.automation.utils.ElementActions - Clicking on element: By.cssSelector: input.button[value='Log In']
2026-09-28 14:47:18.278 [main] INFO  c.p.a.pages.AccountsOverviewPage - Waiting for Accounts Overview table to dynamically render...
2026-09-28 14:47:18.302 [main] INFO  c.p.a.pages.AccountsOverviewPage - Waiting for Accounts Overview table to dynamically render...
2026-09-28 14:47:18.369 [main] INFO  c.p.a.pages.AccountsOverviewPage - Found 3 active accounts: [13677, 22002, 22113]
2026-09-28 14:47:18.369 [main] INFO  c.p.a.s.TransferFundsSteps - Source Account ID: 13677, Target Account ID: 22002
2026-09-28 14:47:18.370 [main] INFO  c.p.a.pages.AccountsOverviewPage - Waiting for Accounts Overview table to dynamically render...
2026-09-28 14:47:18.396 [main] INFO  c.p.a.pages.AccountsOverviewPage - Waiting for Accounts Overview table to dynamically render...
2026-09-28 14:47:18.436 [main] INFO  c.p.a.pages.AccountsOverviewPage - Waiting for Accounts Overview table to dynamically render...
2026-09-28 14:47:18.473 [main] INFO  c.p.a.pages.AccountsOverviewPage - Waiting for Accounts Overview table to dynamically render...
2026-09-28 14:47:18.512 [main] INFO  c.p.a.s.TransferFundsSteps - Initial Source Bal: $315.5, Target Bal: $100.0, Total: $515.5
2026-09-28 14:47:18.513 [main] INFO  c.p.automation.pages.NavigationMenu - Navigating to 'transfer.htm' using link: By.xpath: //div[@id='leftPanel']//a[contains(@href, 'transfer.htm')]
2026-09-28 14:47:18.514 [main] INFO  c.p.automation.utils.ElementActions - JS clicking on element: By.xpath: //div[@id='leftPanel']//a[contains(@href, 'transfer.htm')]
2026-09-28 14:47:19.379 [main] INFO  c.p.a.pages.TransferFundsPage - Initiating fund transfer of $50.0 from 13677 to 22002
2026-09-28 14:47:19.380 [main] INFO  c.p.a.pages.TransferFundsPage - Entering transfer amount: 50.0
2026-09-28 14:47:19.380 [main] INFO  c.p.automation.utils.ElementActions - Clearing and typing '50.00' into element: By.id: amount
2026-09-28 14:47:19.423 [main] INFO  c.p.a.pages.TransferFundsPage - Selecting source account: 13677
2026-09-28 14:47:19.473 [main] INFO  c.p.automation.utils.ElementActions - Selecting option '13677' from dropdown: By.id: fromAccountId
2026-09-28 14:47:19.510 [main] INFO  c.p.a.pages.TransferFundsPage - Selecting target account: 22002
2026-09-28 14:47:19.560 [main] INFO  c.p.automation.utils.ElementActions - Selecting option '22002' from dropdown: By.id: toAccountId
2026-09-28 14:47:19.609 [main] INFO  c.p.a.pages.TransferFundsPage - Clicking Transfer button
2026-09-28 14:47:19.610 [main] INFO  c.p.automation.utils.ElementActions - Clicking on element: By.cssSelector: input.button[value='Transfer']
2026-09-28 14:47:35.194 [main] ERROR com.parabank.automation.hooks.Hooks - Scenario FAILED: Execute internal funds transfer and audit debit-credit consistency. Capturing failure screenshot...
2026-09-28 14:47:35.242 [main] INFO  com.parabank.automation.hooks.Hooks - Tearing down WebDriver session and clearing ScenarioContext.
2026-09-28 14:47:35.359 [main] INFO  c.p.automation.driver.DriverManager - WebDriver successfully terminated on thread main
2026-09-28 14:48:29.066 [main] INFO  com.parabank.automation.hooks.Hooks - ================================================================================
2026-09-28 14:48:29.067 [main] INFO  com.parabank.automation.hooks.Hooks - STARTING SCENARIO: Execute internal funds transfer and audit debit-credit consistency
2026-09-28 14:48:29.067 [main] INFO  com.parabank.automation.hooks.Hooks - Tags: [@FundTransfer, @Regression, @RequiresAuth]
2026-09-28 14:48:29.067 [main] INFO  com.parabank.automation.hooks.Hooks - ================================================================================
2026-09-28 14:48:29.068 [main] INFO  c.p.automation.config.ConfigReader - Successfully loaded configuration properties from config.properties
2026-09-28 14:48:29.069 [main] INFO  c.p.automation.driver.DriverManager - Initializing WebDriver instance for browser: chrome, headless: true
2026-09-28 14:48:29.937 [main] INFO  c.p.automation.driver.DriverManager - WebDriver initialized successfully on thread main
2026-09-28 14:48:31.560 [main] INFO  c.p.a.stepdefinitions.CommonSteps - Logging into Parabank with username 'HellBound'
2026-09-28 14:48:32.217 [main] INFO  c.p.automation.pages.LoginPage - Logging in with username: HellBound
2026-09-28 14:48:32.227 [main] INFO  c.p.automation.utils.ElementActions - Clearing and typing 'HellBound' into element: By.name: username
2026-09-28 14:48:32.281 [main] INFO  c.p.automation.utils.ElementActions - Clearing and typing 'HellBound' into element: By.name: password
2026-09-28 14:48:32.343 [main] INFO  c.p.automation.pages.LoginPage - Submitting login form
2026-09-28 14:48:32.343 [main] INFO  c.p.automation.utils.ElementActions - Clicking on element: By.cssSelector: input.button[value='Log In']
2026-09-28 14:48:33.521 [main] INFO  c.p.a.pages.AccountsOverviewPage - Waiting for Accounts Overview table to dynamically render...
2026-09-28 14:48:33.546 [main] INFO  c.p.a.pages.AccountsOverviewPage - Waiting for Accounts Overview table to dynamically render...
2026-09-28 14:48:33.588 [main] INFO  c.p.a.pages.AccountsOverviewPage - Found 3 active accounts: [13677, 22002, 22113]
2026-09-28 14:48:33.588 [main] INFO  c.p.a.s.TransferFundsSteps - Source Account ID: 13677, Target Account ID: 22002
2026-09-28 14:48:33.589 [main] INFO  c.p.a.pages.AccountsOverviewPage - Waiting for Accounts Overview table to dynamically render...
2026-09-28 14:48:33.616 [main] INFO  c.p.a.pages.AccountsOverviewPage - Waiting for Accounts Overview table to dynamically render...
2026-09-28 14:48:33.654 [main] INFO  c.p.a.pages.AccountsOverviewPage - Waiting for Accounts Overview table to dynamically render...
2026-09-28 14:48:33.688 [main] INFO  c.p.a.pages.AccountsOverviewPage - Waiting for Accounts Overview table to dynamically render...
2026-09-28 14:48:33.724 [main] INFO  c.p.a.s.TransferFundsSteps - Initial Source Bal: $315.5, Target Bal: $100.0, Total: $515.5
2026-09-28 14:48:33.725 [main] INFO  c.p.automation.pages.NavigationMenu - Navigating to 'transfer.htm' using link: By.xpath: //div[@id='leftPanel']//a[contains(@href, 'transfer.htm')]
2026-09-28 14:48:33.725 [main] INFO  c.p.automation.utils.ElementActions - JS clicking on element: By.xpath: //div[@id='leftPanel']//a[contains(@href, 'transfer.htm')]
2026-09-28 14:48:34.602 [main] INFO  c.p.a.pages.TransferFundsPage - Initiating fund transfer of $50.0 from 13677 to 22002
2026-09-28 14:48:34.654 [main] INFO  c.p.a.pages.TransferFundsPage - Entering transfer amount: 50.0
2026-09-28 14:48:34.655 [main] INFO  c.p.automation.utils.ElementActions - Clearing and typing '50.00' into element: By.id: amount
2026-09-28 14:48:34.696 [main] INFO  c.p.a.pages.TransferFundsPage - Selecting source account: 13677
2026-09-28 14:48:34.697 [main] INFO  c.p.automation.utils.ElementActions - Selecting option '13677' from dropdown: By.id: fromAccountId
2026-09-28 14:48:34.743 [main] INFO  c.p.a.pages.TransferFundsPage - Selecting target account: 22002
2026-09-28 14:48:34.744 [main] INFO  c.p.automation.utils.ElementActions - Selecting option '22002' from dropdown: By.id: toAccountId
2026-09-28 14:48:34.791 [main] INFO  c.p.a.pages.TransferFundsPage - Clicking Transfer button
2026-09-28 14:48:50.913 [main] ERROR com.parabank.automation.hooks.Hooks - Scenario FAILED: Execute internal funds transfer and audit debit-credit consistency. Capturing failure screenshot...
2026-09-28 14:48:50.947 [main] INFO  com.parabank.automation.hooks.Hooks - Tearing down WebDriver session and clearing ScenarioContext.
2026-09-28 14:48:51.067 [main] INFO  c.p.automation.driver.DriverManager - WebDriver successfully terminated on thread main
2026-09-28 14:49:40.663 [main] INFO  com.parabank.automation.hooks.Hooks - ================================================================================
2026-09-28 14:49:40.664 [main] INFO  com.parabank.automation.hooks.Hooks - STARTING SCENARIO: Execute internal funds transfer and audit debit-credit consistency
2026-09-28 14:49:40.665 [main] INFO  com.parabank.automation.hooks.Hooks - Tags: [@FundTransfer, @Regression, @RequiresAuth]
2026-09-28 14:49:40.665 [main] INFO  com.parabank.automation.hooks.Hooks - ================================================================================
2026-09-28 14:49:40.666 [main] INFO  c.p.automation.config.ConfigReader - Successfully loaded configuration properties from config.properties
2026-09-28 14:49:40.666 [main] INFO  c.p.automation.driver.DriverManager - Initializing WebDriver instance for browser: chrome, headless: true
2026-09-28 14:49:41.506 [main] INFO  c.p.automation.driver.DriverManager - WebDriver initialized successfully on thread main
2026-09-28 14:49:43.077 [main] INFO  c.p.a.stepdefinitions.CommonSteps - Logging into Parabank with username 'HellBound'
2026-09-28 14:49:43.550 [main] INFO  c.p.automation.pages.LoginPage - Logging in with username: HellBound
2026-09-28 14:49:43.558 [main] INFO  c.p.automation.utils.ElementActions - Clearing and typing 'HellBound' into element: By.name: username
2026-09-28 14:49:43.613 [main] INFO  c.p.automation.utils.ElementActions - Clearing and typing 'HellBound' into element: By.name: password
2026-09-28 14:49:43.661 [main] INFO  c.p.automation.pages.LoginPage - Submitting login form
2026-09-28 14:49:43.661 [main] INFO  c.p.automation.utils.ElementActions - Clicking on element: By.cssSelector: input.button[value='Log In']
2026-09-28 14:49:44.876 [main] INFO  c.p.a.pages.AccountsOverviewPage - Waiting for Accounts Overview table to dynamically render...
2026-09-28 14:49:44.904 [main] INFO  c.p.a.pages.AccountsOverviewPage - Waiting for Accounts Overview table to dynamically render...
2026-09-28 14:49:44.952 [main] INFO  c.p.a.pages.AccountsOverviewPage - Found 3 active accounts: [13677, 22002, 22113]
2026-09-28 14:49:44.952 [main] INFO  c.p.a.s.TransferFundsSteps - Source Account ID: 13677, Target Account ID: 22002
2026-09-28 14:49:44.952 [main] INFO  c.p.a.pages.AccountsOverviewPage - Waiting for Accounts Overview table to dynamically render...
2026-09-28 14:49:44.973 [main] INFO  c.p.a.pages.AccountsOverviewPage - Waiting for Accounts Overview table to dynamically render...
2026-09-28 14:49:45.024 [main] INFO  c.p.a.pages.AccountsOverviewPage - Waiting for Accounts Overview table to dynamically render...
2026-09-28 14:49:45.059 [main] INFO  c.p.a.pages.AccountsOverviewPage - Waiting for Accounts Overview table to dynamically render...
2026-09-28 14:49:45.096 [main] INFO  c.p.a.s.TransferFundsSteps - Initial Source Bal: $315.5, Target Bal: $100.0, Total: $515.5
2026-09-28 14:49:45.097 [main] INFO  c.p.automation.pages.NavigationMenu - Navigating to 'transfer.htm' using link: By.xpath: //div[@id='leftPanel']//a[contains(@href, 'transfer.htm')]
2026-09-28 14:49:45.098 [main] INFO  c.p.automation.utils.ElementActions - JS clicking on element: By.xpath: //div[@id='leftPanel']//a[contains(@href, 'transfer.htm')]
2026-09-28 14:49:45.938 [main] INFO  c.p.a.pages.TransferFundsPage - Initiating fund transfer of $50.0 from 13677 to 22002
2026-09-28 14:49:45.998 [main] INFO  c.p.a.pages.TransferFundsPage - Entering transfer amount: 50.0
2026-09-28 14:49:45.999 [main] INFO  c.p.automation.utils.ElementActions - Clearing and typing '50.00' into element: By.id: amount
2026-09-28 14:49:46.043 [main] INFO  c.p.a.pages.TransferFundsPage - Selecting source account: 13677
2026-09-28 14:49:46.043 [main] INFO  c.p.automation.utils.ElementActions - Selecting option '13677' from dropdown: By.id: fromAccountId
2026-09-28 14:49:46.085 [main] INFO  c.p.a.pages.TransferFundsPage - Selecting target account: 22002
2026-09-28 14:49:46.085 [main] INFO  c.p.automation.utils.ElementActions - Selecting option '22002' from dropdown: By.id: toAccountId
2026-09-28 14:49:46.137 [main] INFO  c.p.a.pages.TransferFundsPage - Clicking Transfer button
2026-09-28 14:50:01.744 [main] ERROR com.parabank.automation.hooks.Hooks - Scenario FAILED: Execute internal funds transfer and audit debit-credit consistency. Capturing failure screenshot...
2026-09-28 14:50:01.777 [main] INFO  com.parabank.automation.hooks.Hooks - Tearing down WebDriver session and clearing ScenarioContext.
2026-09-28 14:50:01.899 [main] INFO  c.p.automation.driver.DriverManager - WebDriver successfully terminated on thread main
2026-09-28 14:50:41.722 [main] INFO  com.parabank.automation.hooks.Hooks - ================================================================================
2026-09-28 14:50:41.723 [main] INFO  com.parabank.automation.hooks.Hooks - STARTING SCENARIO: Execute internal funds transfer and audit debit-credit consistency
2026-09-28 14:50:41.724 [main] INFO  com.parabank.automation.hooks.Hooks - Tags: [@FundTransfer, @Regression, @RequiresAuth]
2026-09-28 14:50:41.724 [main] INFO  com.parabank.automation.hooks.Hooks - ================================================================================
2026-09-28 14:50:41.725 [main] INFO  c.p.automation.config.ConfigReader - Successfully loaded configuration properties from config.properties
2026-09-28 14:50:41.725 [main] INFO  c.p.automation.driver.DriverManager - Initializing WebDriver instance for browser: chrome, headless: true
2026-09-28 14:50:42.560 [main] INFO  c.p.automation.driver.DriverManager - WebDriver initialized successfully on thread main
2026-09-28 14:50:44.102 [main] INFO  c.p.a.stepdefinitions.CommonSteps - Logging into Parabank with username 'HellBound'
2026-09-28 14:50:44.579 [main] INFO  c.p.automation.pages.LoginPage - Logging in with username: HellBound
2026-09-28 14:50:44.587 [main] INFO  c.p.automation.utils.ElementActions - Clearing and typing 'HellBound' into element: By.name: username
2026-09-28 14:50:44.641 [main] INFO  c.p.automation.utils.ElementActions - Clearing and typing 'HellBound' into element: By.name: password
2026-09-28 14:50:44.686 [main] INFO  c.p.automation.pages.LoginPage - Submitting login form
2026-09-28 14:50:44.686 [main] INFO  c.p.automation.utils.ElementActions - Clicking on element: By.cssSelector: input.button[value='Log In']
2026-09-28 14:50:46.033 [main] INFO  c.p.a.pages.AccountsOverviewPage - Waiting for Accounts Overview table to dynamically render...
2026-09-28 14:50:46.059 [main] INFO  c.p.a.pages.AccountsOverviewPage - Waiting for Accounts Overview table to dynamically render...
2026-09-28 14:50:46.108 [main] INFO  c.p.a.pages.AccountsOverviewPage - Found 3 active accounts: [13677, 22002, 22113]
2026-09-28 14:50:46.109 [main] INFO  c.p.a.s.TransferFundsSteps - Source Account ID: 13677, Target Account ID: 22002
2026-09-28 14:50:46.109 [main] INFO  c.p.a.pages.AccountsOverviewPage - Waiting for Accounts Overview table to dynamically render...
2026-09-28 14:50:46.142 [main] INFO  c.p.a.pages.AccountsOverviewPage - Waiting for Accounts Overview table to dynamically render...
2026-09-28 14:50:46.180 [main] INFO  c.p.a.pages.AccountsOverviewPage - Waiting for Accounts Overview table to dynamically render...
2026-09-28 14:50:46.214 [main] INFO  c.p.a.pages.AccountsOverviewPage - Waiting for Accounts Overview table to dynamically render...
2026-09-28 14:50:46.247 [main] INFO  c.p.a.s.TransferFundsSteps - Initial Source Bal: $265.5, Target Bal: $150.0, Total: $515.5
2026-09-28 14:50:46.248 [main] INFO  c.p.automation.pages.NavigationMenu - Navigating to 'transfer.htm' using link: By.xpath: //div[@id='leftPanel']//a[contains(@href, 'transfer.htm')]
2026-09-28 14:50:46.248 [main] INFO  c.p.automation.utils.ElementActions - JS clicking on element: By.xpath: //div[@id='leftPanel']//a[contains(@href, 'transfer.htm')]
2026-09-28 14:50:47.089 [main] INFO  c.p.a.pages.TransferFundsPage - Initiating fund transfer of $50.0 from 13677 to 22002
2026-09-28 14:50:47.140 [main] INFO  c.p.a.pages.TransferFundsPage - Entering transfer amount: 50.0
2026-09-28 14:50:47.141 [main] INFO  c.p.automation.utils.ElementActions - Clearing and typing '50.00' into element: By.id: amount
2026-09-28 14:50:47.181 [main] INFO  c.p.a.pages.TransferFundsPage - Selecting source account: 13677
2026-09-28 14:50:47.181 [main] INFO  c.p.automation.utils.ElementActions - Selecting option '13677' from dropdown: By.id: fromAccountId
2026-09-28 14:50:47.221 [main] INFO  c.p.a.pages.TransferFundsPage - Selecting target account: 22002
2026-09-28 14:50:47.222 [main] INFO  c.p.automation.utils.ElementActions - Selecting option '22002' from dropdown: By.id: toAccountId
2026-09-28 14:50:47.273 [main] INFO  c.p.a.pages.TransferFundsPage - Clicking Transfer button
2026-09-28 14:51:02.881 [main] ERROR com.parabank.automation.hooks.Hooks - Scenario FAILED: Execute internal funds transfer and audit debit-credit consistency. Capturing failure screenshot...
2026-09-28 14:51:02.906 [main] INFO  com.parabank.automation.hooks.Hooks - Tearing down WebDriver session and clearing ScenarioContext.
2026-09-28 14:51:03.013 [main] INFO  c.p.automation.driver.DriverManager - WebDriver successfully terminated on thread main
2026-09-28 14:51:34.778 [main] INFO  com.parabank.automation.hooks.Hooks - ================================================================================
2026-09-28 14:51:34.779 [main] INFO  com.parabank.automation.hooks.Hooks - STARTING SCENARIO: Execute internal funds transfer and audit debit-credit consistency
2026-09-28 14:51:34.780 [main] INFO  com.parabank.automation.hooks.Hooks - Tags: [@FundTransfer, @Regression, @RequiresAuth]
2026-09-28 14:51:34.780 [main] INFO  com.parabank.automation.hooks.Hooks - ================================================================================
2026-09-28 14:51:34.782 [main] INFO  c.p.automation.config.ConfigReader - Successfully loaded configuration properties from config.properties
2026-09-28 14:51:34.782 [main] INFO  c.p.automation.driver.DriverManager - Initializing WebDriver instance for browser: chrome, headless: true
2026-09-28 14:51:35.642 [main] INFO  c.p.automation.driver.DriverManager - WebDriver initialized successfully on thread main
2026-09-28 14:51:37.232 [main] INFO  c.p.a.stepdefinitions.CommonSteps - Logging into Parabank with username 'HellBound'
2026-09-28 14:51:37.700 [main] INFO  c.p.automation.pages.LoginPage - Logging in with username: HellBound
2026-09-28 14:51:37.708 [main] INFO  c.p.automation.utils.ElementActions - Clearing and typing 'HellBound' into element: By.name: username
2026-09-28 14:51:37.759 [main] INFO  c.p.automation.utils.ElementActions - Clearing and typing 'HellBound' into element: By.name: password
2026-09-28 14:51:37.805 [main] INFO  c.p.automation.pages.LoginPage - Submitting login form
2026-09-28 14:51:37.806 [main] INFO  c.p.automation.utils.ElementActions - Clicking on element: By.cssSelector: input.button[value='Log In']
2026-09-28 14:51:38.878 [main] INFO  c.p.a.pages.AccountsOverviewPage - Waiting for Accounts Overview table to dynamically render...
2026-09-28 14:51:38.902 [main] INFO  c.p.a.pages.AccountsOverviewPage - Waiting for Accounts Overview table to dynamically render...
2026-09-28 14:51:38.943 [main] INFO  c.p.a.pages.AccountsOverviewPage - Found 3 active accounts: [13677, 22002, 22113]
2026-09-28 14:51:38.943 [main] INFO  c.p.a.s.TransferFundsSteps - Source Account ID: 13677, Target Account ID: 22002
2026-09-28 14:51:38.943 [main] INFO  c.p.a.pages.AccountsOverviewPage - Waiting for Accounts Overview table to dynamically render...
2026-09-28 14:51:38.964 [main] INFO  c.p.a.pages.AccountsOverviewPage - Waiting for Accounts Overview table to dynamically render...
2026-09-28 14:51:39.003 [main] INFO  c.p.a.pages.AccountsOverviewPage - Waiting for Accounts Overview table to dynamically render...
2026-09-28 14:51:39.039 [main] INFO  c.p.a.pages.AccountsOverviewPage - Waiting for Accounts Overview table to dynamically render...
2026-09-28 14:51:39.076 [main] INFO  c.p.a.s.TransferFundsSteps - Initial Source Bal: $265.5, Target Bal: $150.0, Total: $515.5
2026-09-28 14:51:39.077 [main] INFO  c.p.automation.pages.NavigationMenu - Navigating to 'transfer.htm' using link: By.xpath: //div[@id='leftPanel']//a[contains(@href, 'transfer.htm')]
2026-09-28 14:51:39.077 [main] INFO  c.p.automation.utils.ElementActions - JS clicking on element: By.xpath: //div[@id='leftPanel']//a[contains(@href, 'transfer.htm')]
2026-09-28 14:51:39.930 [main] INFO  c.p.a.pages.TransferFundsPage - Initiating fund transfer of $50.0 from 13677 to 22002
2026-09-28 14:51:39.979 [main] INFO  c.p.a.pages.TransferFundsPage - Entering transfer amount: 50.0
2026-09-28 14:51:39.979 [main] INFO  c.p.automation.utils.ElementActions - Clearing and typing '50.00' into element: By.id: amount
2026-09-28 14:51:40.025 [main] INFO  c.p.a.pages.TransferFundsPage - Selecting source account: 13677
2026-09-28 14:51:40.026 [main] INFO  c.p.automation.utils.ElementActions - Selecting option '13677' from dropdown: By.id: fromAccountId
2026-09-28 14:51:40.070 [main] INFO  c.p.a.pages.TransferFundsPage - Selecting target account: 22002
2026-09-28 14:51:40.070 [main] INFO  c.p.automation.utils.ElementActions - Selecting option '22002' from dropdown: By.id: toAccountId
2026-09-28 14:51:40.133 [main] INFO  c.p.a.pages.TransferFundsPage - Clicking Transfer button
2026-09-28 14:51:40.738 [main] INFO  c.p.automation.pages.NavigationMenu - Navigating to 'overview.htm' using link: By.xpath: //div[@id='leftPanel']//a[contains(@href, 'overview.htm')]
2026-09-28 14:51:40.738 [main] INFO  c.p.automation.utils.ElementActions - JS clicking on element: By.xpath: //div[@id='leftPanel']//a[contains(@href, 'overview.htm')]
2026-09-28 14:51:41.805 [main] INFO  c.p.a.pages.AccountsOverviewPage - Waiting for Accounts Overview table to dynamically render...
2026-09-28 14:51:41.824 [main] INFO  c.p.a.pages.AccountsOverviewPage - Waiting for Accounts Overview table to dynamically render...
2026-09-28 14:51:41.856 [main] INFO  c.p.a.pages.AccountsOverviewPage - Waiting for Accounts Overview table to dynamically render...
2026-09-28 14:51:41.874 [main] INFO  c.p.a.pages.AccountsOverviewPage - Waiting for Accounts Overview table to dynamically render...
2026-09-28 14:51:41.906 [main] INFO  c.p.a.pages.AccountsOverviewPage - Waiting for Accounts Overview table to dynamically render...
2026-09-28 14:51:41.925 [main] INFO  c.p.a.pages.AccountsOverviewPage - Clicking on account link: 13677
2026-09-28 14:51:41.934 [main] INFO  c.p.automation.utils.ElementActions - JS clicking on element: By.xpath: //table[@id='accountTable']//a[normalize-space()='13677']
2026-09-28 14:51:42.834 [main] INFO  c.p.a.pages.AccountDetailsPage - Found matching transaction: Funds Transfer Sent with amount: 50.0
2026-09-28 14:51:42.835 [main] INFO  c.p.automation.pages.NavigationMenu - Navigating to 'overview.htm' using link: By.xpath: //div[@id='leftPanel']//a[contains(@href, 'overview.htm')]
2026-09-28 14:51:42.835 [main] INFO  c.p.automation.utils.ElementActions - JS clicking on element: By.xpath: //div[@id='leftPanel']//a[contains(@href, 'overview.htm')]
2026-09-28 14:51:43.689 [main] INFO  c.p.a.pages.AccountsOverviewPage - Waiting for Accounts Overview table to dynamically render...
2026-09-28 14:51:43.707 [main] INFO  c.p.a.pages.AccountsOverviewPage - Clicking on account link: 22002
2026-09-28 14:51:43.717 [main] INFO  c.p.automation.utils.ElementActions - JS clicking on element: By.xpath: //table[@id='accountTable']//a[normalize-space()='22002']
2026-09-28 14:51:44.600 [main] INFO  c.p.a.pages.AccountDetailsPage - Found matching transaction: Funds Transfer Received with amount: 50.0
2026-09-28 14:51:44.602 [main] INFO  com.parabank.automation.hooks.Hooks - Scenario PASSED: Execute internal funds transfer and audit debit-credit consistency
2026-09-28 14:51:44.602 [main] INFO  com.parabank.automation.hooks.Hooks - Tearing down WebDriver session and clearing ScenarioContext.
2026-09-28 14:51:44.683 [main] INFO  c.p.automation.driver.DriverManager - WebDriver successfully terminated on thread main
2026-09-28 14:52:00.552 [main] INFO  com.parabank.automation.hooks.Hooks - ================================================================================
2026-09-28 14:52:00.553 [main] INFO  com.parabank.automation.hooks.Hooks - STARTING SCENARIO: Successfully process third-party bill payment and verify ledger deduction
2026-09-28 14:52:00.554 [main] INFO  com.parabank.automation.hooks.Hooks - Tags: [@BillPay, @Regression, @RequiresAuth]
2026-09-28 14:52:00.554 [main] INFO  com.parabank.automation.hooks.Hooks - ================================================================================
2026-09-28 14:52:00.555 [main] INFO  c.p.automation.config.ConfigReader - Successfully loaded configuration properties from config.properties
2026-09-28 14:52:00.556 [main] INFO  c.p.automation.driver.DriverManager - Initializing WebDriver instance for browser: chrome, headless: true
2026-09-28 14:52:01.392 [main] INFO  c.p.automation.driver.DriverManager - WebDriver initialized successfully on thread main
2026-09-28 14:52:03.448 [main] INFO  c.p.a.stepdefinitions.CommonSteps - Logging into Parabank with username 'HellBound'
2026-09-28 14:52:03.910 [main] INFO  c.p.automation.pages.LoginPage - Logging in with username: HellBound
2026-09-28 14:52:03.918 [main] INFO  c.p.automation.utils.ElementActions - Clearing and typing 'HellBound' into element: By.name: username
2026-09-28 14:52:03.969 [main] INFO  c.p.automation.utils.ElementActions - Clearing and typing 'HellBound' into element: By.name: password
2026-09-28 14:52:04.015 [main] INFO  c.p.automation.pages.LoginPage - Submitting login form
2026-09-28 14:52:04.015 [main] INFO  c.p.automation.utils.ElementActions - Clicking on element: By.cssSelector: input.button[value='Log In']
2026-09-28 14:52:05.322 [main] INFO  c.p.a.pages.AccountsOverviewPage - Waiting for Accounts Overview table to dynamically render...
2026-09-28 14:52:05.349 [main] INFO  c.p.a.pages.AccountsOverviewPage - Waiting for Accounts Overview table to dynamically render...
2026-09-28 14:52:05.398 [main] INFO  c.p.a.pages.AccountsOverviewPage - Found 3 active accounts: [13677, 22002, 22113]
2026-09-28 14:52:05.398 [main] INFO  c.p.a.pages.AccountsOverviewPage - Waiting for Accounts Overview table to dynamically render...
2026-09-28 14:52:05.453 [main] INFO  c.p.a.s.BillPaymentSteps - Active checking account 13677 recorded with balance: $215.5
2026-09-28 14:52:05.455 [main] INFO  c.p.automation.pages.NavigationMenu - Navigating to 'billpay.htm' using link: By.xpath: //div[@id='leftPanel']//a[contains(@href, 'billpay.htm')]
2026-09-28 14:52:05.455 [main] INFO  c.p.automation.utils.ElementActions - JS clicking on element: By.xpath: //div[@id='leftPanel']//a[contains(@href, 'billpay.htm')]
2026-09-28 14:52:05.793 [main] INFO  c.p.automation.pages.BillPayPage - Filling Bill Pay form for payee: Apex Energy Grid
2026-09-28 14:52:05.794 [main] INFO  c.p.automation.utils.ElementActions - Clearing and typing 'Apex Energy Grid' into element: By.name: payee.name
2026-09-28 14:52:05.840 [main] INFO  c.p.automation.utils.ElementActions - Clearing and typing '742 Evergreen Terr' into element: By.name: payee.address.street
2026-09-28 14:52:05.891 [main] INFO  c.p.automation.utils.ElementActions - Clearing and typing 'Metro' into element: By.name: payee.address.city
2026-09-28 14:52:05.937 [main] INFO  c.p.automation.utils.ElementActions - Clearing and typing 'NY' into element: By.name: payee.address.state
2026-09-28 14:52:05.985 [main] INFO  c.p.automation.utils.ElementActions - Clearing and typing '10001' into element: By.name: payee.address.zipCode
2026-09-28 14:52:06.032 [main] INFO  c.p.automation.utils.ElementActions - Clearing and typing '555-019-2834' into element: By.name: payee.phoneNumber
2026-09-28 14:52:06.080 [main] INFO  c.p.automation.utils.ElementActions - Clearing and typing '99887766' into element: By.name: payee.accountNumber
2026-09-28 14:52:06.131 [main] INFO  c.p.automation.utils.ElementActions - Clearing and typing '99887766' into element: By.name: verifyAccount
2026-09-28 14:52:06.194 [main] INFO  c.p.automation.utils.ElementActions - Clearing and typing '45.50' into element: By.name: amount
2026-09-28 14:52:06.284 [main] INFO  c.p.automation.utils.ElementActions - Selecting option '13677' from dropdown: By.name: fromAccountId
2026-09-28 14:52:06.346 [main] INFO  c.p.automation.pages.BillPayPage - Clicking Send Payment button
2026-09-28 14:52:21.534 [main] ERROR com.parabank.automation.hooks.Hooks - Scenario FAILED: Successfully process third-party bill payment and verify ledger deduction. Capturing failure screenshot...
2026-09-28 14:52:21.566 [main] INFO  com.parabank.automation.hooks.Hooks - Tearing down WebDriver session and clearing ScenarioContext.
2026-09-28 14:52:21.667 [main] INFO  c.p.automation.driver.DriverManager - WebDriver successfully terminated on thread main
2026-09-28 15:13:13.203 [main] INFO  c.p.automation.config.ConfigReader - Successfully loaded configuration properties from config.properties
2026-09-28 15:13:13.207 [main] INFO  c.p.automation.driver.DriverManager - Initializing WebDriver instance for browser: chrome, headless: true
2026-09-28 15:13:14.118 [main] INFO  c.p.automation.driver.DriverManager - WebDriver initialized successfully on thread main
2026-09-28 15:13:20.945 [main] INFO  c.p.automation.driver.DriverManager - WebDriver successfully terminated on thread main
2026-09-28 15:13:42.999 [main] INFO  c.p.automation.config.ConfigReader - Successfully loaded configuration properties from config.properties
2026-09-28 15:13:43.002 [main] INFO  c.p.automation.driver.DriverManager - Initializing WebDriver instance for browser: chrome, headless: true
2026-09-28 15:13:43.916 [main] INFO  c.p.automation.driver.DriverManager - WebDriver initialized successfully on thread main
2026-09-28 15:13:50.104 [main] INFO  c.p.automation.driver.DriverManager - WebDriver successfully terminated on thread main
2026-09-28 15:14:22.264 [main] INFO  c.p.automation.config.ConfigReader - Successfully loaded configuration properties from config.properties
2026-09-28 15:14:22.267 [main] INFO  c.p.automation.driver.DriverManager - Initializing WebDriver instance for browser: chrome, headless: true
2026-09-28 15:14:23.142 [main] INFO  c.p.automation.driver.DriverManager - WebDriver initialized successfully on thread main
2026-09-28 15:14:33.687 [main] INFO  c.p.automation.driver.DriverManager - WebDriver successfully terminated on thread main
2026-09-28 15:14:55.393 [main] INFO  c.p.automation.config.ConfigReader - Successfully loaded configuration properties from config.properties
2026-09-28 15:14:55.396 [main] INFO  c.p.automation.driver.DriverManager - Initializing WebDriver instance for browser: chrome, headless: true
2026-09-28 15:14:56.292 [main] INFO  c.p.automation.driver.DriverManager - WebDriver initialized successfully on thread main
2026-09-28 15:15:17.998 [main] INFO  c.p.automation.driver.DriverManager - WebDriver successfully terminated on thread main
2026-09-28 15:15:42.219 [main] INFO  c.p.automation.config.ConfigReader - Successfully loaded configuration properties from config.properties
2026-09-28 15:15:42.223 [main] INFO  c.p.automation.driver.DriverManager - Initializing WebDriver instance for browser: chrome, headless: true
2026-09-28 15:15:43.126 [main] INFO  c.p.automation.driver.DriverManager - WebDriver initialized successfully on thread main
2026-09-28 15:15:54.741 [main] INFO  c.p.automation.driver.DriverManager - WebDriver successfully terminated on thread main
2026-09-28 15:16:20.016 [main] INFO  c.p.automation.config.ConfigReader - Successfully loaded configuration properties from config.properties
2026-09-28 15:16:20.020 [main] INFO  c.p.automation.driver.DriverManager - Initializing WebDriver instance for browser: chrome, headless: true
2026-09-28 15:16:20.884 [main] INFO  c.p.automation.driver.DriverManager - WebDriver initialized successfully on thread main
2026-09-28 15:16:33.387 [main] INFO  c.p.automation.driver.DriverManager - WebDriver successfully terminated on thread main
2026-09-28 15:17:04.465 [main] INFO  c.p.automation.config.ConfigReader - Successfully loaded configuration properties from config.properties
2026-09-28 15:17:04.470 [main] INFO  c.p.automation.driver.DriverManager - Initializing WebDriver instance for browser: chrome, headless: true
2026-09-28 15:17:05.375 [main] INFO  c.p.automation.driver.DriverManager - WebDriver initialized successfully on thread main
2026-09-28 15:17:13.438 [main] INFO  c.p.automation.driver.DriverManager - WebDriver successfully terminated on thread main
2026-09-28 15:18:08.655 [main] INFO  com.parabank.automation.hooks.Hooks - ================================================================================
2026-09-28 15:18:08.657 [main] INFO  com.parabank.automation.hooks.Hooks - STARTING SCENARIO: Successfully process third-party bill payment and verify ledger deduction
2026-09-28 15:18:08.658 [main] INFO  com.parabank.automation.hooks.Hooks - Tags: [@BillPay, @Regression, @RequiresAuth]
2026-09-28 15:18:08.658 [main] INFO  com.parabank.automation.hooks.Hooks - ================================================================================
2026-09-28 15:18:08.659 [main] INFO  c.p.automation.config.ConfigReader - Successfully loaded configuration properties from config.properties
2026-09-28 15:18:08.660 [main] INFO  c.p.automation.driver.DriverManager - Initializing WebDriver instance for browser: chrome, headless: true
2026-09-28 15:18:09.590 [main] INFO  c.p.automation.driver.DriverManager - WebDriver initialized successfully on thread main
2026-09-28 15:18:11.096 [main] INFO  c.p.a.stepdefinitions.CommonSteps - Logging into Parabank with username 'HellBound'
2026-09-28 15:18:11.577 [main] INFO  c.p.automation.pages.LoginPage - Logging in with username: HellBound
2026-09-28 15:18:11.586 [main] INFO  c.p.automation.utils.ElementActions - Clearing and typing 'HellBound' into element: By.name: username
2026-09-28 15:18:11.649 [main] INFO  c.p.automation.utils.ElementActions - Clearing and typing 'HellBound' into element: By.name: password
2026-09-28 15:18:11.703 [main] INFO  c.p.automation.pages.LoginPage - Submitting login form
2026-09-28 15:18:11.703 [main] INFO  c.p.automation.utils.ElementActions - Clicking on element: By.cssSelector: input.button[value='Log In']
2026-09-28 15:18:13.040 [main] INFO  c.p.a.pages.AccountsOverviewPage - Waiting for Accounts Overview table to dynamically render...
2026-09-28 15:18:13.071 [main] INFO  c.p.a.pages.AccountsOverviewPage - Waiting for Accounts Overview table to dynamically render...
2026-09-28 15:18:13.140 [main] INFO  c.p.a.pages.AccountsOverviewPage - Found 3 active accounts: [13677, 22002, 22113]
2026-09-28 15:18:13.140 [main] INFO  c.p.a.pages.AccountsOverviewPage - Waiting for Accounts Overview table to dynamically render...
2026-09-28 15:18:13.193 [main] INFO  c.p.a.s.BillPaymentSteps - Active checking account 13677 recorded with balance: $215.5
2026-09-28 15:18:13.195 [main] INFO  c.p.automation.pages.NavigationMenu - Navigating to 'billpay.htm' using link: By.xpath: //div[@id='leftPanel']//a[contains(@href, 'billpay.htm')]
2026-09-28 15:18:13.195 [main] INFO  c.p.automation.utils.ElementActions - JS clicking on element: By.xpath: //div[@id='leftPanel']//a[contains(@href, 'billpay.htm')]
2026-09-28 15:18:13.558 [main] INFO  c.p.automation.pages.BillPayPage - Filling Bill Pay form for payee: Apex Energy Grid
2026-09-28 15:18:13.558 [main] INFO  c.p.automation.utils.ElementActions - Clearing and typing 'Apex Energy Grid' into element: By.name: payee.name
2026-09-28 15:18:13.632 [main] INFO  c.p.automation.utils.ElementActions - Clearing and typing '742 Evergreen Terr' into element: By.name: payee.address.street
2026-09-28 15:18:13.705 [main] INFO  c.p.automation.utils.ElementActions - Clearing and typing 'Metro' into element: By.name: payee.address.city
2026-09-28 15:18:13.773 [main] INFO  c.p.automation.utils.ElementActions - Clearing and typing 'NY' into element: By.name: payee.address.state
2026-09-28 15:18:13.842 [main] INFO  c.p.automation.utils.ElementActions - Clearing and typing '10001' into element: By.name: payee.address.zipCode
2026-09-28 15:18:13.899 [main] INFO  c.p.automation.utils.ElementActions - Clearing and typing '555-019-2834' into element: By.name: payee.phoneNumber
2026-09-28 15:18:13.953 [main] INFO  c.p.automation.utils.ElementActions - Clearing and typing '99887766' into element: By.name: payee.accountNumber
2026-09-28 15:18:14.007 [main] INFO  c.p.automation.utils.ElementActions - Clearing and typing '99887766' into element: By.name: verifyAccount
2026-09-28 15:18:14.059 [main] INFO  c.p.automation.utils.ElementActions - Clearing and typing '45.50' into element: By.name: amount
2026-09-28 15:18:14.169 [main] INFO  c.p.automation.utils.ElementActions - Selecting option '13677' from dropdown: By.name: fromAccountId
2026-09-28 15:18:14.230 [main] INFO  c.p.automation.pages.BillPayPage - Clicking Send Payment button
2026-09-28 15:18:14.887 [main] INFO  c.p.automation.pages.NavigationMenu - Navigating to 'overview.htm' using link: By.xpath: //div[@id='leftPanel']//a[contains(@href, 'overview.htm')]
2026-09-28 15:18:14.887 [main] INFO  c.p.automation.utils.ElementActions - JS clicking on element: By.xpath: //div[@id='leftPanel']//a[contains(@href, 'overview.htm')]
2026-09-28 15:18:15.775 [main] INFO  c.p.a.pages.AccountsOverviewPage - Waiting for Accounts Overview table to dynamically render...
2026-09-28 15:18:15.804 [main] INFO  c.p.a.pages.AccountsOverviewPage - Waiting for Accounts Overview table to dynamically render...
2026-09-28 15:18:15.854 [main] INFO  c.p.a.pages.AccountsOverviewPage - Clicking on account link: 13677
2026-09-28 15:18:15.866 [main] INFO  c.p.automation.utils.ElementActions - JS clicking on element: By.xpath: //table[@id='accountTable']//a[normalize-space()='13677']
2026-09-28 15:18:16.898 [main] INFO  c.p.a.pages.AccountDetailsPage - Found matching transaction: Apex Energy Grid with amount: 45.5
2026-09-28 15:18:16.900 [main] INFO  com.parabank.automation.hooks.Hooks - Scenario PASSED: Successfully process third-party bill payment and verify ledger deduction
2026-09-28 15:18:16.900 [main] INFO  com.parabank.automation.hooks.Hooks - Tearing down WebDriver session and clearing ScenarioContext.
2026-09-28 15:18:17.018 [main] INFO  c.p.automation.driver.DriverManager - WebDriver successfully terminated on thread main
2026-09-28 15:18:42.646 [main] INFO  com.parabank.automation.hooks.Hooks - ================================================================================
2026-09-28 15:18:42.647 [main] INFO  com.parabank.automation.hooks.Hooks - STARTING SCENARIO: Validate field error handling on account mismatch and missing inputs
2026-09-28 15:18:42.648 [main] INFO  com.parabank.automation.hooks.Hooks - Tags: [@BillPay, @Validation, @Boundary, @Regression, @RequiresAuth]
2026-09-28 15:18:42.648 [main] INFO  com.parabank.automation.hooks.Hooks - ================================================================================
2026-09-28 15:18:42.649 [main] INFO  c.p.automation.config.ConfigReader - Successfully loaded configuration properties from config.properties
2026-09-28 15:18:42.649 [main] INFO  c.p.automation.driver.DriverManager - Initializing WebDriver instance for browser: chrome, headless: true
2026-09-28 15:18:43.511 [main] INFO  c.p.automation.driver.DriverManager - WebDriver initialized successfully on thread main
2026-09-28 15:18:45.596 [main] INFO  c.p.a.stepdefinitions.CommonSteps - Logging into Parabank with username 'HellBound'
2026-09-28 15:18:46.199 [main] INFO  c.p.automation.pages.LoginPage - Logging in with username: HellBound
2026-09-28 15:18:46.209 [main] INFO  c.p.automation.utils.ElementActions - Clearing and typing 'HellBound' into element: By.name: username
2026-09-28 15:18:46.265 [main] INFO  c.p.automation.utils.ElementActions - Clearing and typing 'HellBound' into element: By.name: password
2026-09-28 15:18:46.312 [main] INFO  c.p.automation.pages.LoginPage - Submitting login form
2026-09-28 15:18:46.312 [main] INFO  c.p.automation.utils.ElementActions - Clicking on element: By.cssSelector: input.button[value='Log In']
2026-09-28 15:18:47.776 [main] INFO  c.p.automation.pages.NavigationMenu - Navigating to 'billpay.htm' using link: By.xpath: //div[@id='leftPanel']//a[contains(@href, 'billpay.htm')]
2026-09-28 15:18:47.776 [main] INFO  c.p.automation.utils.ElementActions - JS clicking on element: By.xpath: //div[@id='leftPanel']//a[contains(@href, 'billpay.htm')]
2026-09-28 15:18:48.172 [main] INFO  c.p.automation.pages.BillPayPage - Clicking Send Payment button
2026-09-28 15:18:48.273 [main] INFO  c.p.automation.pages.BillPayPage - Filling Bill Pay form for payee: Water Works
2026-09-28 15:18:48.274 [main] INFO  c.p.automation.utils.ElementActions - Clearing and typing 'Water Works' into element: By.name: payee.name
2026-09-28 15:18:48.320 [main] INFO  c.p.automation.utils.ElementActions - Clearing and typing '100 River Rd' into element: By.name: payee.address.street
2026-09-28 15:18:48.366 [main] INFO  c.p.automation.utils.ElementActions - Clearing and typing 'Metro' into element: By.name: payee.address.city
2026-09-28 15:18:48.408 [main] INFO  c.p.automation.utils.ElementActions - Clearing and typing 'NY' into element: By.name: payee.address.state
2026-09-28 15:18:48.453 [main] INFO  c.p.automation.utils.ElementActions - Clearing and typing '10001' into element: By.name: payee.address.zipCode
2026-09-28 15:18:48.494 [main] INFO  c.p.automation.utils.ElementActions - Clearing and typing '555-111-2222' into element: By.name: payee.phoneNumber
2026-09-28 15:18:48.536 [main] INFO  c.p.automation.utils.ElementActions - Clearing and typing '12345' into element: By.name: payee.accountNumber
2026-09-28 15:18:48.581 [main] INFO  c.p.automation.utils.ElementActions - Clearing and typing '54321' into element: By.name: verifyAccount
2026-09-28 15:18:48.626 [main] INFO  c.p.automation.utils.ElementActions - Clearing and typing '75.00' into element: By.name: amount
2026-09-28 15:18:48.689 [main] INFO  c.p.automation.pages.BillPayPage - Clicking Send Payment button
2026-09-28 15:18:48.806 [main] INFO  com.parabank.automation.hooks.Hooks - Scenario PASSED: Validate field error handling on account mismatch and missing inputs
2026-09-28 15:18:48.806 [main] INFO  com.parabank.automation.hooks.Hooks - Tearing down WebDriver session and clearing ScenarioContext.
2026-09-28 15:18:48.903 [main] INFO  c.p.automation.driver.DriverManager - WebDriver successfully terminated on thread main
2026-09-28 15:19:21.650 [main] INFO  com.parabank.automation.hooks.Hooks - ================================================================================
2026-09-28 15:19:21.651 [main] INFO  com.parabank.automation.hooks.Hooks - STARTING SCENARIO: Find transactions across amount and transaction ID criteria
2026-09-28 15:19:21.652 [main] INFO  com.parabank.automation.hooks.Hooks - Tags: [@TransactionSearch, @Regression, @RequiresAuth]
2026-09-28 15:19:21.652 [main] INFO  com.parabank.automation.hooks.Hooks - ================================================================================
2026-09-28 15:19:21.653 [main] INFO  c.p.automation.config.ConfigReader - Successfully loaded configuration properties from config.properties
2026-09-28 15:19:21.653 [main] INFO  c.p.automation.driver.DriverManager - Initializing WebDriver instance for browser: chrome, headless: true
2026-09-28 15:19:22.558 [main] INFO  c.p.automation.driver.DriverManager - WebDriver initialized successfully on thread main
2026-09-28 15:19:24.095 [main] INFO  c.p.a.stepdefinitions.CommonSteps - Logging into Parabank with username 'HellBound'
2026-09-28 15:19:24.558 [main] INFO  c.p.automation.pages.LoginPage - Logging in with username: HellBound
2026-09-28 15:19:24.567 [main] INFO  c.p.automation.utils.ElementActions - Clearing and typing 'HellBound' into element: By.name: username
2026-09-28 15:19:24.641 [main] INFO  c.p.automation.utils.ElementActions - Clearing and typing 'HellBound' into element: By.name: password
2026-09-28 15:19:24.700 [main] INFO  c.p.automation.pages.LoginPage - Submitting login form
2026-09-28 15:19:24.700 [main] INFO  c.p.automation.utils.ElementActions - Clicking on element: By.cssSelector: input.button[value='Log In']
2026-09-28 15:19:26.010 [main] INFO  c.p.a.pages.AccountsOverviewPage - Waiting for Accounts Overview table to dynamically render...
2026-09-28 15:19:26.047 [main] INFO  c.p.a.pages.AccountsOverviewPage - Waiting for Accounts Overview table to dynamically render...
2026-09-28 15:19:26.120 [main] INFO  c.p.a.pages.AccountsOverviewPage - Found 3 active accounts: [13677, 22002, 22113]
2026-09-28 15:19:26.120 [main] INFO  c.p.automation.pages.NavigationMenu - Navigating to 'transfer.htm' using link: By.xpath: //div[@id='leftPanel']//a[contains(@href, 'transfer.htm')]
2026-09-28 15:19:26.120 [main] INFO  c.p.automation.utils.ElementActions - JS clicking on element: By.xpath: //div[@id='leftPanel']//a[contains(@href, 'transfer.htm')]
2026-09-28 15:19:26.980 [main] INFO  c.p.a.pages.TransferFundsPage - Initiating fund transfer of $27.5 from 13677 to 22002
2026-09-28 15:19:27.037 [main] INFO  c.p.a.pages.TransferFundsPage - Entering transfer amount: 27.5
2026-09-28 15:19:27.038 [main] INFO  c.p.automation.utils.ElementActions - Clearing and typing '27.50' into element: By.id: amount
2026-09-28 15:19:27.089 [main] INFO  c.p.a.pages.TransferFundsPage - Selecting source account: 13677
2026-09-28 15:19:27.089 [main] INFO  c.p.automation.utils.ElementActions - Selecting option '13677' from dropdown: By.id: fromAccountId
2026-09-28 15:19:27.132 [main] INFO  c.p.a.pages.TransferFundsPage - Selecting target account: 22002
2026-09-28 15:19:27.132 [main] INFO  c.p.automation.utils.ElementActions - Selecting option '22002' from dropdown: By.id: toAccountId
2026-09-28 15:19:27.196 [main] INFO  c.p.a.pages.TransferFundsPage - Clicking Transfer button
2026-09-28 15:19:27.755 [main] INFO  c.p.a.s.TransactionSearchSteps - Executed unique transaction generator transfer of $27.5
2026-09-28 15:19:27.756 [main] INFO  c.p.automation.pages.NavigationMenu - Navigating to 'findtrans.htm' using link: By.xpath: //div[@id='leftPanel']//a[contains(@href, 'findtrans.htm')]
2026-09-28 15:19:27.757 [main] INFO  c.p.automation.utils.ElementActions - JS clicking on element: By.xpath: //div[@id='leftPanel']//a[contains(@href, 'findtrans.htm')]
2026-09-28 15:19:28.092 [main] INFO  c.p.a.pages.FindTransactionsPage - Selecting account for transaction search: 13677
2026-09-28 15:19:28.130 [main] INFO  c.p.automation.utils.ElementActions - Selecting option '13677' from dropdown: By.id: accountId
2026-09-28 15:19:28.183 [main] INFO  c.p.a.pages.FindTransactionsPage - Searching transactions by Amount: 27.5
2026-09-28 15:19:28.184 [main] INFO  c.p.automation.utils.ElementActions - Clearing and typing '27.50' into element: By.id: amount
2026-09-28 15:19:28.230 [main] INFO  c.p.automation.utils.ElementActions - Clicking on element: By.id: findByAmount
2026-09-28 15:19:43.388 [main] ERROR com.parabank.automation.hooks.Hooks - Scenario FAILED: Find transactions across amount and transaction ID criteria. Capturing failure screenshot...
2026-09-28 15:19:43.417 [main] INFO  com.parabank.automation.hooks.Hooks - Tearing down WebDriver session and clearing ScenarioContext.
2026-09-28 15:19:43.535 [main] INFO  c.p.automation.driver.DriverManager - WebDriver successfully terminated on thread main
2026-09-28 15:20:18.815 [main] INFO  c.p.automation.config.ConfigReader - Successfully loaded configuration properties from config.properties
2026-09-28 15:20:18.820 [main] INFO  c.p.automation.driver.DriverManager - Initializing WebDriver instance for browser: chrome, headless: true
2026-09-28 15:20:19.758 [main] INFO  c.p.automation.driver.DriverManager - WebDriver initialized successfully on thread main
2026-09-28 15:20:26.497 [main] INFO  c.p.automation.driver.DriverManager - WebDriver successfully terminated on thread main
2026-09-28 15:21:02.960 [main] INFO  com.parabank.automation.hooks.Hooks - ================================================================================
2026-09-28 15:21:02.961 [main] INFO  com.parabank.automation.hooks.Hooks - STARTING SCENARIO: Find transactions across amount and transaction ID criteria
2026-09-28 15:21:02.962 [main] INFO  com.parabank.automation.hooks.Hooks - Tags: [@TransactionSearch, @Regression, @RequiresAuth]
2026-09-28 15:21:02.962 [main] INFO  com.parabank.automation.hooks.Hooks - ================================================================================
2026-09-28 15:21:02.963 [main] INFO  c.p.automation.config.ConfigReader - Successfully loaded configuration properties from config.properties
2026-09-28 15:21:02.963 [main] INFO  c.p.automation.driver.DriverManager - Initializing WebDriver instance for browser: chrome, headless: true
2026-09-28 15:21:03.778 [main] INFO  c.p.automation.driver.DriverManager - WebDriver initialized successfully on thread main
2026-09-28 15:21:05.388 [main] INFO  c.p.a.stepdefinitions.CommonSteps - Logging into Parabank with username 'HellBound'
2026-09-28 15:21:05.921 [main] INFO  c.p.automation.pages.LoginPage - Logging in with username: HellBound
2026-09-28 15:21:05.929 [main] INFO  c.p.automation.utils.ElementActions - Clearing and typing 'HellBound' into element: By.name: username
2026-09-28 15:21:05.983 [main] INFO  c.p.automation.utils.ElementActions - Clearing and typing 'HellBound' into element: By.name: password
2026-09-28 15:21:06.031 [main] INFO  c.p.automation.pages.LoginPage - Submitting login form
2026-09-28 15:21:06.031 [main] INFO  c.p.automation.utils.ElementActions - Clicking on element: By.cssSelector: input.button[value='Log In']
2026-09-28 15:21:06.850 [main] INFO  c.p.a.pages.AccountsOverviewPage - Waiting for Accounts Overview table to dynamically render...
2026-09-28 15:21:07.403 [main] INFO  c.p.a.pages.AccountsOverviewPage - Waiting for Accounts Overview table to dynamically render...
2026-09-28 15:21:07.443 [main] INFO  c.p.a.pages.AccountsOverviewPage - Found 3 active accounts: [13677, 22002, 22113]
2026-09-28 15:21:07.443 [main] INFO  c.p.automation.pages.NavigationMenu - Navigating to 'transfer.htm' using link: By.xpath: //div[@id='leftPanel']//a[contains(@href, 'transfer.htm')]
2026-09-28 15:21:07.443 [main] INFO  c.p.automation.utils.ElementActions - JS clicking on element: By.xpath: //div[@id='leftPanel']//a[contains(@href, 'transfer.htm')]
2026-09-28 15:21:08.306 [main] INFO  c.p.a.pages.TransferFundsPage - Initiating fund transfer of $27.5 from 13677 to 22002
2026-09-28 15:21:08.357 [main] INFO  c.p.a.pages.TransferFundsPage - Entering transfer amount: 27.5
2026-09-28 15:21:08.358 [main] INFO  c.p.automation.utils.ElementActions - Clearing and typing '27.50' into element: By.id: amount
2026-09-28 15:21:08.402 [main] INFO  c.p.a.pages.TransferFundsPage - Selecting source account: 13677
2026-09-28 15:21:08.402 [main] INFO  c.p.automation.utils.ElementActions - Selecting option '13677' from dropdown: By.id: fromAccountId
2026-09-28 15:21:08.448 [main] INFO  c.p.a.pages.TransferFundsPage - Selecting target account: 22002
2026-09-28 15:21:08.448 [main] INFO  c.p.automation.utils.ElementActions - Selecting option '22002' from dropdown: By.id: toAccountId
2026-09-28 15:21:08.499 [main] INFO  c.p.a.pages.TransferFundsPage - Clicking Transfer button
2026-09-28 15:21:09.042 [main] INFO  c.p.a.s.TransactionSearchSteps - Executed unique transaction generator transfer of $27.5
2026-09-28 15:21:09.043 [main] INFO  c.p.automation.pages.NavigationMenu - Navigating to 'findtrans.htm' using link: By.xpath: //div[@id='leftPanel']//a[contains(@href, 'findtrans.htm')]
2026-09-28 15:21:09.043 [main] INFO  c.p.automation.utils.ElementActions - JS clicking on element: By.xpath: //div[@id='leftPanel']//a[contains(@href, 'findtrans.htm')]
2026-09-28 15:21:09.386 [main] INFO  c.p.a.pages.FindTransactionsPage - Selecting account for transaction search: 13677
2026-09-28 15:21:09.416 [main] INFO  c.p.automation.utils.ElementActions - Selecting option '13677' from dropdown: By.id: accountId
2026-09-28 15:21:09.461 [main] INFO  c.p.a.pages.FindTransactionsPage - Searching transactions by Amount: 27.5
2026-09-28 15:21:09.461 [main] INFO  c.p.automation.utils.ElementActions - Clearing and typing '27.50' into element: By.id: amount
2026-09-28 15:21:10.145 [main] INFO  c.p.a.s.TransactionSearchSteps - Captured Transaction ID: 75193
2026-09-28 15:21:10.145 [main] INFO  c.p.a.pages.FindTransactionsPage - Searching transactions by ID: 75193
2026-09-28 15:21:10.145 [main] INFO  c.p.automation.utils.ElementActions - Clearing and typing '75193' into element: By.id: transactionId
2026-09-28 15:21:25.251 [main] ERROR com.parabank.automation.hooks.Hooks - Scenario FAILED: Find transactions across amount and transaction ID criteria. Capturing failure screenshot...
2026-09-28 15:21:25.282 [main] INFO  com.parabank.automation.hooks.Hooks - Tearing down WebDriver session and clearing ScenarioContext.
2026-09-28 15:21:25.408 [main] INFO  c.p.automation.driver.DriverManager - WebDriver successfully terminated on thread main
2026-09-28 15:21:50.305 [main] INFO  com.parabank.automation.hooks.Hooks - ================================================================================
2026-09-28 15:21:50.306 [main] INFO  com.parabank.automation.hooks.Hooks - STARTING SCENARIO: Find transactions across amount and transaction ID criteria
2026-09-28 15:21:50.307 [main] INFO  com.parabank.automation.hooks.Hooks - Tags: [@TransactionSearch, @Regression, @RequiresAuth]
2026-09-28 15:21:50.307 [main] INFO  com.parabank.automation.hooks.Hooks - ================================================================================
2026-09-28 15:21:50.308 [main] INFO  c.p.automation.config.ConfigReader - Successfully loaded configuration properties from config.properties
2026-09-28 15:21:50.309 [main] INFO  c.p.automation.driver.DriverManager - Initializing WebDriver instance for browser: chrome, headless: true
2026-09-28 15:21:51.141 [main] INFO  c.p.automation.driver.DriverManager - WebDriver initialized successfully on thread main
2026-09-28 15:21:52.722 [main] INFO  c.p.a.stepdefinitions.CommonSteps - Logging into Parabank with username 'HellBound'
2026-09-28 15:21:53.186 [main] INFO  c.p.automation.pages.LoginPage - Logging in with username: HellBound
2026-09-28 15:21:53.195 [main] INFO  c.p.automation.utils.ElementActions - Clearing and typing 'HellBound' into element: By.name: username
2026-09-28 15:21:53.250 [main] INFO  c.p.automation.utils.ElementActions - Clearing and typing 'HellBound' into element: By.name: password
2026-09-28 15:21:53.295 [main] INFO  c.p.automation.pages.LoginPage - Submitting login form
2026-09-28 15:21:53.295 [main] INFO  c.p.automation.utils.ElementActions - Clicking on element: By.cssSelector: input.button[value='Log In']
2026-09-28 15:21:54.093 [main] INFO  c.p.a.pages.AccountsOverviewPage - Waiting for Accounts Overview table to dynamically render...
2026-09-28 15:21:54.633 [main] INFO  c.p.a.pages.AccountsOverviewPage - Waiting for Accounts Overview table to dynamically render...
2026-09-28 15:21:54.690 [main] INFO  c.p.a.pages.AccountsOverviewPage - Found 3 active accounts: [13677, 22002, 22113]
2026-09-28 15:21:54.690 [main] INFO  c.p.automation.pages.NavigationMenu - Navigating to 'transfer.htm' using link: By.xpath: //div[@id='leftPanel']//a[contains(@href, 'transfer.htm')]
2026-09-28 15:21:54.690 [main] INFO  c.p.automation.utils.ElementActions - JS clicking on element: By.xpath: //div[@id='leftPanel']//a[contains(@href, 'transfer.htm')]
2026-09-28 15:21:55.544 [main] INFO  c.p.a.pages.TransferFundsPage - Initiating fund transfer of $27.5 from 13677 to 22002
2026-09-28 15:21:55.597 [main] INFO  c.p.a.pages.TransferFundsPage - Entering transfer amount: 27.5
2026-09-28 15:21:55.598 [main] INFO  c.p.automation.utils.ElementActions - Clearing and typing '27.50' into element: By.id: amount
2026-09-28 15:21:55.641 [main] INFO  c.p.a.pages.TransferFundsPage - Selecting source account: 13677
2026-09-28 15:21:55.641 [main] INFO  c.p.automation.utils.ElementActions - Selecting option '13677' from dropdown: By.id: fromAccountId
2026-09-28 15:21:55.690 [main] INFO  c.p.a.pages.TransferFundsPage - Selecting target account: 22002
2026-09-28 15:21:55.690 [main] INFO  c.p.automation.utils.ElementActions - Selecting option '22002' from dropdown: By.id: toAccountId
2026-09-28 15:21:55.743 [main] INFO  c.p.a.pages.TransferFundsPage - Clicking Transfer button
2026-09-28 15:21:56.292 [main] INFO  c.p.a.s.TransactionSearchSteps - Executed unique transaction generator transfer of $27.5
2026-09-28 15:21:56.294 [main] INFO  c.p.automation.pages.NavigationMenu - Navigating to 'findtrans.htm' using link: By.xpath: //div[@id='leftPanel']//a[contains(@href, 'findtrans.htm')]
2026-09-28 15:21:56.294 [main] INFO  c.p.automation.utils.ElementActions - JS clicking on element: By.xpath: //div[@id='leftPanel']//a[contains(@href, 'findtrans.htm')]
2026-09-28 15:21:56.639 [main] INFO  c.p.a.pages.FindTransactionsPage - Selecting account for transaction search: 13677
2026-09-28 15:21:56.678 [main] INFO  c.p.automation.utils.ElementActions - Selecting option '13677' from dropdown: By.id: accountId
2026-09-28 15:21:56.723 [main] INFO  c.p.a.pages.FindTransactionsPage - Searching transactions by Amount: 27.5
2026-09-28 15:21:56.733 [main] INFO  c.p.automation.utils.ElementActions - Clearing and typing '27.50' into element: By.id: amount
2026-09-28 15:21:57.426 [main] INFO  c.p.a.s.TransactionSearchSteps - Captured Transaction ID: 75193
2026-09-28 15:21:57.427 [main] INFO  c.p.a.pages.FindTransactionsPage - Searching transactions by ID: 75193
2026-09-28 15:21:57.442 [main] INFO  c.p.automation.utils.ElementActions - Clearing and typing '75193' into element: By.id: transactionId
2026-09-28 15:21:58.046 [main] INFO  com.parabank.automation.hooks.Hooks - Scenario PASSED: Find transactions across amount and transaction ID criteria
2026-09-28 15:21:58.046 [main] INFO  com.parabank.automation.hooks.Hooks - Tearing down WebDriver session and clearing ScenarioContext.
2026-09-28 15:21:58.136 [main] INFO  c.p.automation.driver.DriverManager - WebDriver successfully terminated on thread main
2026-09-28 15:22:51.068 [main] INFO  c.p.automation.config.ConfigReader - Successfully loaded configuration properties from config.properties
2026-09-28 15:22:51.071 [main] INFO  c.p.automation.driver.DriverManager - Initializing WebDriver instance for browser: chrome, headless: true
2026-09-28 15:22:51.981 [main] INFO  c.p.automation.driver.DriverManager - WebDriver initialized successfully on thread main
2026-09-28 15:22:58.303 [main] INFO  c.p.automation.driver.DriverManager - WebDriver successfully terminated on thread main
2026-09-28 15:23:38.310 [main] INFO  com.parabank.automation.hooks.Hooks - ================================================================================
2026-09-28 15:23:38.310 [main] INFO  com.parabank.automation.hooks.Hooks - STARTING SCENARIO: Successfully apply for a loan and verify loan account creation
2026-09-28 15:23:38.311 [main] INFO  com.parabank.automation.hooks.Hooks - Tags: [@LoanApplication, @LoanApproval, @Regression, @RequiresAuth]
2026-09-28 15:23:38.312 [main] INFO  com.parabank.automation.hooks.Hooks - ================================================================================
2026-09-28 15:23:38.313 [main] INFO  c.p.automation.config.ConfigReader - Successfully loaded configuration properties from config.properties
2026-09-28 15:23:38.313 [main] INFO  c.p.automation.driver.DriverManager - Initializing WebDriver instance for browser: chrome, headless: true
2026-09-28 15:23:39.206 [main] INFO  c.p.automation.driver.DriverManager - WebDriver initialized successfully on thread main
2026-09-28 15:23:41.222 [main] INFO  c.p.a.stepdefinitions.CommonSteps - Logging into Parabank with username 'HellBound'
2026-09-28 15:23:41.703 [main] INFO  c.p.automation.pages.LoginPage - Logging in with username: HellBound
2026-09-28 15:23:41.710 [main] INFO  c.p.automation.utils.ElementActions - Clearing and typing 'HellBound' into element: By.name: username
2026-09-28 15:23:41.766 [main] INFO  c.p.automation.utils.ElementActions - Clearing and typing 'HellBound' into element: By.name: password
2026-09-28 15:23:41.812 [main] INFO  c.p.automation.pages.LoginPage - Submitting login form
2026-09-28 15:23:41.813 [main] INFO  c.p.automation.utils.ElementActions - Clicking on element: By.cssSelector: input.button[value='Log In']
2026-09-28 15:23:43.141 [main] INFO  c.p.a.pages.AccountsOverviewPage - Waiting for Accounts Overview table to dynamically render...
2026-09-28 15:23:43.165 [main] INFO  c.p.a.pages.AccountsOverviewPage - Waiting for Accounts Overview table to dynamically render...
2026-09-28 15:23:43.206 [main] INFO  c.p.a.pages.AccountsOverviewPage - Found 3 active accounts: [13677, 22002, 22113]
2026-09-28 15:23:43.249 [main] INFO  c.p.a.pages.AccountsOverviewPage - Waiting for Accounts Overview table to dynamically render...
2026-09-28 15:23:43.295 [main] INFO  c.p.a.s.LoanApplicationSteps - Eligible account identified: 13677 with balance $87.5
2026-09-28 15:23:43.296 [main] INFO  c.p.automation.pages.NavigationMenu - Navigating to 'requestloan.htm' using link: By.xpath: //div[@id='leftPanel']//a[contains(@href, 'requestloan.htm')]
2026-09-28 15:23:43.296 [main] INFO  c.p.automation.utils.ElementActions - JS clicking on element: By.xpath: //div[@id='leftPanel']//a[contains(@href, 'requestloan.htm')]
2026-09-28 15:23:43.635 [main] INFO  c.p.automation.pages.RequestLoanPage - Applying for loan: Amount=$1000.0, DownPayment=$100.0, FromAccount=13677
2026-09-28 15:23:43.670 [main] INFO  c.p.automation.utils.ElementActions - Clearing and typing '1000.00' into element: By.id: amount
2026-09-28 15:23:43.709 [main] INFO  c.p.automation.utils.ElementActions - Clearing and typing '100.00' into element: By.id: downPayment
2026-09-28 15:23:43.751 [main] INFO  c.p.automation.utils.ElementActions - Selecting option '13677' from dropdown: By.id: fromAccountId
2026-09-28 15:23:44.403 [main] INFO  c.p.a.s.LoanApplicationSteps - Generated new Loan Account ID: 38652
2026-09-28 15:23:44.403 [main] INFO  c.p.automation.pages.NavigationMenu - Navigating to 'overview.htm' using link: By.xpath: //div[@id='leftPanel']//a[contains(@href, 'overview.htm')]
2026-09-28 15:23:44.403 [main] INFO  c.p.automation.utils.ElementActions - JS clicking on element: By.xpath: //div[@id='leftPanel']//a[contains(@href, 'overview.htm')]
2026-09-28 15:23:45.267 [main] INFO  c.p.a.pages.AccountsOverviewPage - Waiting for Accounts Overview table to dynamically render...
2026-09-28 15:23:45.288 [main] INFO  c.p.a.pages.AccountsOverviewPage - Waiting for Accounts Overview table to dynamically render...
2026-09-28 15:23:45.332 [main] INFO  c.p.a.pages.AccountsOverviewPage - Found 4 active accounts: [13677, 22002, 22113, 38652]
2026-09-28 15:23:45.335 [main] INFO  com.parabank.automation.hooks.Hooks - Scenario PASSED: Successfully apply for a loan and verify loan account creation
2026-09-28 15:23:45.335 [main] INFO  com.parabank.automation.hooks.Hooks - Tearing down WebDriver session and clearing ScenarioContext.
2026-09-28 15:23:45.415 [main] INFO  c.p.automation.driver.DriverManager - WebDriver successfully terminated on thread main
2026-09-28 15:23:45.426 [main] INFO  com.parabank.automation.hooks.Hooks - ================================================================================
2026-09-28 15:23:45.427 [main] INFO  com.parabank.automation.hooks.Hooks - STARTING SCENARIO: Reject excessive loan request and assert balance conservation
2026-09-28 15:23:45.427 [main] INFO  com.parabank.automation.hooks.Hooks - Tags: [@LoanApplication, @LoanDenial, @Regression, @RequiresAuth]
2026-09-28 15:23:45.427 [main] INFO  com.parabank.automation.hooks.Hooks - ================================================================================
2026-09-28 15:23:45.427 [main] INFO  c.p.automation.driver.DriverManager - Initializing WebDriver instance for browser: chrome, headless: true
2026-09-28 15:23:45.983 [main] INFO  c.p.automation.driver.DriverManager - WebDriver initialized successfully on thread main
2026-09-28 15:23:47.602 [main] INFO  c.p.a.stepdefinitions.CommonSteps - Logging into Parabank with username 'HellBound'
2026-09-28 15:23:48.064 [main] INFO  c.p.automation.pages.LoginPage - Logging in with username: HellBound
2026-09-28 15:23:48.071 [main] INFO  c.p.automation.utils.ElementActions - Clearing and typing 'HellBound' into element: By.name: username
2026-09-28 15:23:48.119 [main] INFO  c.p.automation.utils.ElementActions - Clearing and typing 'HellBound' into element: By.name: password
2026-09-28 15:23:48.166 [main] INFO  c.p.automation.pages.LoginPage - Submitting login form
2026-09-28 15:23:48.166 [main] INFO  c.p.automation.utils.ElementActions - Clicking on element: By.cssSelector: input.button[value='Log In']
2026-09-28 15:23:48.958 [main] INFO  c.p.a.pages.AccountsOverviewPage - Waiting for Accounts Overview table to dynamically render...
2026-09-28 15:23:49.498 [main] INFO  c.p.a.pages.AccountsOverviewPage - Waiting for Accounts Overview table to dynamically render...
2026-09-28 15:23:49.544 [main] INFO  c.p.a.pages.AccountsOverviewPage - Found 4 active accounts: [13677, 22002, 22113, 38652]
2026-09-28 15:23:49.544 [main] INFO  c.p.a.pages.AccountsOverviewPage - Waiting for Accounts Overview table to dynamically render...
2026-09-28 15:23:49.582 [main] INFO  c.p.a.s.LoanApplicationSteps - Eligible account identified: 13677 with balance $-12.5
2026-09-28 15:23:49.582 [main] INFO  c.p.automation.pages.NavigationMenu - Navigating to 'requestloan.htm' using link: By.xpath: //div[@id='leftPanel']//a[contains(@href, 'requestloan.htm')]
2026-09-28 15:23:49.582 [main] INFO  c.p.automation.utils.ElementActions - JS clicking on element: By.xpath: //div[@id='leftPanel']//a[contains(@href, 'requestloan.htm')]
2026-09-28 15:23:49.919 [main] INFO  c.p.automation.pages.RequestLoanPage - Applying for loan: Amount=$1000000.0, DownPayment=$10.0, FromAccount=13677
2026-09-28 15:23:49.952 [main] INFO  c.p.automation.utils.ElementActions - Clearing and typing '1000000.00' into element: By.id: amount
2026-09-28 15:23:49.994 [main] INFO  c.p.automation.utils.ElementActions - Clearing and typing '10.00' into element: By.id: downPayment
2026-09-28 15:23:50.037 [main] INFO  c.p.automation.utils.ElementActions - Selecting option '13677' from dropdown: By.id: fromAccountId
2026-09-28 15:23:50.685 [main] INFO  c.p.automation.pages.NavigationMenu - Navigating to 'overview.htm' using link: By.xpath: //div[@id='leftPanel']//a[contains(@href, 'overview.htm')]
2026-09-28 15:23:50.685 [main] INFO  c.p.automation.utils.ElementActions - JS clicking on element: By.xpath: //div[@id='leftPanel']//a[contains(@href, 'overview.htm')]
2026-09-28 15:23:51.541 [main] INFO  c.p.a.pages.AccountsOverviewPage - Waiting for Accounts Overview table to dynamically render...
2026-09-28 15:23:51.564 [main] INFO  c.p.a.pages.AccountsOverviewPage - Waiting for Accounts Overview table to dynamically render...
2026-09-28 15:23:51.585 [main] INFO  c.p.a.pages.AccountsOverviewPage - Waiting for Accounts Overview table to dynamically render...
2026-09-28 15:23:51.616 [main] INFO  com.parabank.automation.hooks.Hooks - Scenario PASSED: Reject excessive loan request and assert balance conservation
2026-09-28 15:23:51.617 [main] INFO  com.parabank.automation.hooks.Hooks - Tearing down WebDriver session and clearing ScenarioContext.
2026-09-28 15:23:51.693 [main] INFO  c.p.automation.driver.DriverManager - WebDriver successfully terminated on thread main
2026-09-28 15:24:34.440 [main] INFO  c.p.automation.config.ConfigReader - Successfully loaded configuration properties from config.properties
2026-09-28 15:24:34.443 [main] INFO  c.p.automation.driver.DriverManager - Initializing WebDriver instance for browser: chrome, headless: true
2026-09-28 15:24:35.349 [main] INFO  c.p.automation.driver.DriverManager - WebDriver initialized successfully on thread main
2026-09-28 15:24:41.354 [main] INFO  c.p.automation.driver.DriverManager - WebDriver successfully terminated on thread main
2026-09-28 15:25:14.060 [main] INFO  com.parabank.automation.hooks.Hooks - ================================================================================
2026-09-28 15:25:14.061 [main] INFO  com.parabank.automation.hooks.Hooks - STARTING SCENARIO: Update contact info and verify persistence after relogin
2026-09-28 15:25:14.062 [main] INFO  com.parabank.automation.hooks.Hooks - Tags: [@ProfileManagement, @Security, @Regression, @RequiresAuth]
2026-09-28 15:25:14.062 [main] INFO  com.parabank.automation.hooks.Hooks - ================================================================================
2026-09-28 15:25:14.063 [main] INFO  c.p.automation.config.ConfigReader - Successfully loaded configuration properties from config.properties
2026-09-28 15:25:14.063 [main] INFO  c.p.automation.driver.DriverManager - Initializing WebDriver instance for browser: chrome, headless: true
2026-09-28 15:25:14.924 [main] INFO  c.p.automation.driver.DriverManager - WebDriver initialized successfully on thread main
2026-09-28 15:25:16.501 [main] INFO  c.p.a.stepdefinitions.CommonSteps - Logging into Parabank with username 'HellBound'
2026-09-28 15:25:16.982 [main] INFO  c.p.automation.pages.LoginPage - Logging in with username: HellBound
2026-09-28 15:25:16.989 [main] INFO  c.p.automation.utils.ElementActions - Clearing and typing 'HellBound' into element: By.name: username
2026-09-28 15:25:17.044 [main] INFO  c.p.automation.utils.ElementActions - Clearing and typing 'HellBound' into element: By.name: password
2026-09-28 15:25:17.092 [main] INFO  c.p.automation.pages.LoginPage - Submitting login form
2026-09-28 15:25:17.092 [main] INFO  c.p.automation.utils.ElementActions - Clicking on element: By.cssSelector: input.button[value='Log In']
2026-09-28 15:25:18.431 [main] INFO  c.p.automation.pages.NavigationMenu - Navigating to 'updateprofile.htm' using link: By.xpath: //div[@id='leftPanel']//a[contains(@href, 'updateprofile.htm')]
2026-09-28 15:25:18.431 [main] INFO  c.p.automation.utils.ElementActions - JS clicking on element: By.xpath: //div[@id='leftPanel']//a[contains(@href, 'updateprofile.htm')]
2026-09-28 15:25:19.289 [main] INFO  c.p.a.pages.UpdateProfilePage - Updating contact info: Street='777 Quantum Way', City='Cyberville', State='WA', Zip='98052', Phone='425-555-0144'
2026-09-28 15:25:19.316 [main] INFO  c.p.automation.utils.ElementActions - Clearing and typing '777 Quantum Way' into element: By.id: customer.address.street
2026-09-28 15:25:19.361 [main] INFO  c.p.automation.utils.ElementActions - Clearing and typing 'Cyberville' into element: By.id: customer.address.city
2026-09-28 15:25:19.403 [main] INFO  c.p.automation.utils.ElementActions - Clearing and typing 'WA' into element: By.id: customer.address.state
2026-09-28 15:25:19.449 [main] INFO  c.p.automation.utils.ElementActions - Clearing and typing '98052' into element: By.id: customer.address.zipCode
2026-09-28 15:25:19.489 [main] INFO  c.p.automation.utils.ElementActions - Clearing and typing '425-555-0144' into element: By.id: customer.phoneNumber
2026-09-28 15:25:20.129 [main] INFO  c.p.automation.pages.NavigationMenu - Navigating to 'index.htm' using link: By.xpath: //div[@id='leftPanel']//a[contains(@href, 'logout.htm')]
2026-09-28 15:25:20.129 [main] INFO  c.p.automation.utils.ElementActions - JS clicking on element: By.xpath: //div[@id='leftPanel']//a[contains(@href, 'logout.htm')]
2026-09-28 15:25:20.749 [main] INFO  c.p.automation.pages.LoginPage - Logging in with username: HellBound
2026-09-28 15:25:20.754 [main] INFO  c.p.automation.utils.ElementActions - Clearing and typing 'HellBound' into element: By.name: username
2026-09-28 15:25:20.790 [main] INFO  c.p.automation.utils.ElementActions - Clearing and typing 'HellBound' into element: By.name: password
2026-09-28 15:25:20.829 [main] INFO  c.p.automation.pages.LoginPage - Submitting login form
2026-09-28 15:25:20.829 [main] INFO  c.p.automation.utils.ElementActions - Clicking on element: By.cssSelector: input.button[value='Log In']
2026-09-28 15:25:35.995 [main] INFO  c.p.automation.pages.NavigationMenu - Navigating to 'updateprofile.htm' using link: By.xpath: //div[@id='leftPanel']//a[contains(@href, 'updateprofile.htm')]
2026-09-28 15:25:35.996 [main] INFO  c.p.automation.utils.ElementActions - JS clicking on element: By.xpath: //div[@id='leftPanel']//a[contains(@href, 'updateprofile.htm')]
2026-09-28 15:25:51.516 [main] ERROR com.parabank.automation.hooks.Hooks - Scenario FAILED: Update contact info and verify persistence after relogin. Capturing failure screenshot...
2026-09-28 15:25:51.557 [main] INFO  com.parabank.automation.hooks.Hooks - Tearing down WebDriver session and clearing ScenarioContext.
2026-09-28 15:25:51.673 [main] INFO  c.p.automation.driver.DriverManager - WebDriver successfully terminated on thread main
2026-09-28 15:26:41.796 [main] INFO  c.p.automation.config.ConfigReader - Successfully loaded configuration properties from config.properties
2026-09-28 15:26:41.800 [main] INFO  c.p.automation.driver.DriverManager - Initializing WebDriver instance for browser: chrome, headless: true
2026-09-28 15:26:42.751 [main] INFO  c.p.automation.driver.DriverManager - WebDriver initialized successfully on thread main
2026-09-28 15:26:44.364 [main] INFO  c.p.automation.pages.LoginPage - Logging in with username: HellBound
2026-09-28 15:26:44.374 [main] INFO  c.p.automation.utils.ElementActions - Clearing and typing 'HellBound' into element: By.name: username
2026-09-28 15:26:44.433 [main] INFO  c.p.automation.utils.ElementActions - Clearing and typing 'HellBound' into element: By.name: password
2026-09-28 15:26:44.480 [main] INFO  c.p.automation.pages.LoginPage - Submitting login form
2026-09-28 15:26:44.480 [main] INFO  c.p.automation.utils.ElementActions - Clicking on element: By.cssSelector: input.button[value='Log In']
2026-09-28 15:26:45.904 [main] INFO  c.p.automation.pages.NavigationMenu - Navigating to 'index.htm' using link: By.xpath: //div[@id='leftPanel']//a[contains(@href, 'logout.htm')]
2026-09-28 15:26:45.904 [main] INFO  c.p.automation.utils.ElementActions - JS clicking on element: By.xpath: //div[@id='leftPanel']//a[contains(@href, 'logout.htm')]
2026-09-28 15:26:46.614 [main] INFO  c.p.automation.pages.LoginPage - Logging in with username: HellBound
2026-09-28 15:26:46.619 [main] INFO  c.p.automation.utils.ElementActions - Clearing and typing 'HellBound' into element: By.name: username
2026-09-28 15:26:46.657 [main] INFO  c.p.automation.utils.ElementActions - Clearing and typing 'HellBound' into element: By.name: password
2026-09-28 15:26:46.699 [main] INFO  c.p.automation.pages.LoginPage - Submitting login form
2026-09-28 15:26:46.700 [main] INFO  c.p.automation.utils.ElementActions - Clicking on element: By.cssSelector: input.button[value='Log In']
2026-09-28 15:27:01.866 [main] INFO  c.p.automation.pages.NavigationMenu - Navigating to 'updateprofile.htm' using link: By.xpath: //div[@id='leftPanel']//a[contains(@href, 'updateprofile.htm')]
2026-09-28 15:27:01.867 [main] INFO  c.p.automation.utils.ElementActions - JS clicking on element: By.xpath: //div[@id='leftPanel']//a[contains(@href, 'updateprofile.htm')]
2026-09-28 15:27:17.432 [main] INFO  c.p.automation.driver.DriverManager - WebDriver successfully terminated on thread main
2026-09-28 15:27:36.843 [main] INFO  c.p.automation.config.ConfigReader - Successfully loaded configuration properties from config.properties
2026-09-28 15:27:36.847 [main] INFO  c.p.automation.driver.DriverManager - Initializing WebDriver instance for browser: chrome, headless: true
2026-09-28 15:27:37.752 [main] INFO  c.p.automation.driver.DriverManager - WebDriver initialized successfully on thread main
2026-09-28 15:27:39.297 [main] INFO  c.p.automation.pages.LoginPage - Logging in with username: HellBound
2026-09-28 15:27:39.307 [main] INFO  c.p.automation.utils.ElementActions - Clearing and typing 'HellBound' into element: By.name: username
2026-09-28 15:27:39.365 [main] INFO  c.p.automation.utils.ElementActions - Clearing and typing 'HellBound' into element: By.name: password
2026-09-28 15:27:39.420 [main] INFO  c.p.automation.pages.LoginPage - Submitting login form
2026-09-28 15:27:39.421 [main] INFO  c.p.automation.utils.ElementActions - Clicking on element: By.cssSelector: input.button[value='Log In']
2026-09-28 15:27:40.838 [main] INFO  c.p.automation.pages.NavigationMenu - Navigating to 'index.htm' using link: By.xpath: //div[@id='leftPanel']//a[contains(@href, 'logout.htm')]
2026-09-28 15:27:40.838 [main] INFO  c.p.automation.utils.ElementActions - JS clicking on element: By.xpath: //div[@id='leftPanel']//a[contains(@href, 'logout.htm')]
2026-09-28 15:27:41.550 [main] INFO  c.p.automation.pages.LoginPage - Logging in with username: HellBound
2026-09-28 15:27:41.554 [main] INFO  c.p.automation.utils.ElementActions - Clearing and typing 'HellBound' into element: By.name: username
2026-09-28 15:27:41.591 [main] INFO  c.p.automation.utils.ElementActions - Clearing and typing 'HellBound' into element: By.name: password
2026-09-28 15:27:41.630 [main] INFO  c.p.automation.pages.LoginPage - Submitting login form
2026-09-28 15:27:41.630 [main] INFO  c.p.automation.utils.ElementActions - Clicking on element: By.cssSelector: input.button[value='Log In']
2026-09-28 15:28:01.459 [main] INFO  c.p.automation.driver.DriverManager - WebDriver successfully terminated on thread main
2026-09-28 15:28:19.932 [main] INFO  c.p.automation.config.ConfigReader - Successfully loaded configuration properties from config.properties
2026-09-28 15:28:19.935 [main] INFO  c.p.automation.driver.DriverManager - Initializing WebDriver instance for browser: chrome, headless: true
2026-09-28 15:28:20.834 [main] INFO  c.p.automation.driver.DriverManager - WebDriver initialized successfully on thread main
2026-09-28 15:28:22.351 [main] INFO  c.p.automation.pages.LoginPage - Logging in with username: HellBound
2026-09-28 15:28:22.359 [main] INFO  c.p.automation.utils.ElementActions - Clearing and typing 'HellBound' into element: By.name: username
2026-09-28 15:28:22.415 [main] INFO  c.p.automation.utils.ElementActions - Clearing and typing 'HellBound' into element: By.name: password
2026-09-28 15:28:22.465 [main] INFO  c.p.automation.pages.LoginPage - Submitting login form
2026-09-28 15:28:22.465 [main] INFO  c.p.automation.utils.ElementActions - Clicking on element: By.cssSelector: input.button[value='Log In']
2026-09-28 15:28:23.392 [main] INFO  c.p.automation.pages.NavigationMenu - Navigating to 'index.htm' using link: By.xpath: //div[@id='leftPanel']//a[contains(@href, 'logout.htm')]
2026-09-28 15:28:23.392 [main] INFO  c.p.automation.utils.ElementActions - JS clicking on element: By.xpath: //div[@id='leftPanel']//a[contains(@href, 'logout.htm')]
2026-09-28 15:28:27.893 [main] INFO  c.p.automation.driver.DriverManager - WebDriver successfully terminated on thread main
2026-09-28 15:28:57.912 [main] INFO  com.parabank.automation.hooks.Hooks - ================================================================================
2026-09-28 15:28:57.912 [main] INFO  com.parabank.automation.hooks.Hooks - STARTING SCENARIO: Update contact info and verify persistence after relogin
2026-09-28 15:28:57.913 [main] INFO  com.parabank.automation.hooks.Hooks - Tags: [@ProfileManagement, @Security, @Regression, @RequiresAuth]
2026-09-28 15:28:57.913 [main] INFO  com.parabank.automation.hooks.Hooks - ================================================================================
2026-09-28 15:28:57.915 [main] INFO  c.p.automation.config.ConfigReader - Successfully loaded configuration properties from config.properties
2026-09-28 15:28:57.915 [main] INFO  c.p.automation.driver.DriverManager - Initializing WebDriver instance for browser: chrome, headless: true
2026-09-28 15:28:58.730 [main] INFO  c.p.automation.driver.DriverManager - WebDriver initialized successfully on thread main
2026-09-28 15:29:00.263 [main] INFO  c.p.a.stepdefinitions.CommonSteps - Logging into Parabank with username 'HellBound'
2026-09-28 15:29:00.760 [main] INFO  c.p.automation.pages.LoginPage - Logging in with username: HellBound
2026-09-28 15:29:00.768 [main] INFO  c.p.automation.utils.ElementActions - Clearing and typing 'HellBound' into element: By.name: username
2026-09-28 15:29:00.821 [main] INFO  c.p.automation.utils.ElementActions - Clearing and typing 'HellBound' into element: By.name: password
2026-09-28 15:29:00.867 [main] INFO  c.p.automation.pages.LoginPage - Submitting login form
2026-09-28 15:29:02.174 [main] INFO  c.p.automation.pages.NavigationMenu - Navigating to 'updateprofile.htm' using link: By.xpath: //div[@id='leftPanel']//a[contains(@href, 'updateprofile.htm')]
2026-09-28 15:29:02.175 [main] INFO  c.p.automation.utils.ElementActions - JS clicking on element: By.xpath: //div[@id='leftPanel']//a[contains(@href, 'updateprofile.htm')]
2026-09-28 15:29:03.029 [main] INFO  c.p.a.pages.UpdateProfilePage - Updating contact info: Street='777 Quantum Way', City='Cyberville', State='WA', Zip='98052', Phone='425-555-0144'
2026-09-28 15:29:03.060 [main] INFO  c.p.automation.utils.ElementActions - Clearing and typing '777 Quantum Way' into element: By.id: customer.address.street
2026-09-28 15:29:03.103 [main] INFO  c.p.automation.utils.ElementActions - Clearing and typing 'Cyberville' into element: By.id: customer.address.city
2026-09-28 15:29:03.152 [main] INFO  c.p.automation.utils.ElementActions - Clearing and typing 'WA' into element: By.id: customer.address.state
2026-09-28 15:29:03.196 [main] INFO  c.p.automation.utils.ElementActions - Clearing and typing '98052' into element: By.id: customer.address.zipCode
2026-09-28 15:29:03.239 [main] INFO  c.p.automation.utils.ElementActions - Clearing and typing '425-555-0144' into element: By.id: customer.phoneNumber
2026-09-28 15:29:03.887 [main] INFO  c.p.automation.pages.NavigationMenu - Navigating to 'index.htm' using link: By.xpath: //div[@id='leftPanel']//a[contains(@href, 'logout.htm')]
2026-09-28 15:29:03.887 [main] INFO  c.p.automation.utils.ElementActions - JS clicking on element: By.xpath: //div[@id='leftPanel']//a[contains(@href, 'logout.htm')]
2026-09-28 15:29:04.522 [main] INFO  c.p.automation.pages.LoginPage - Logging in with username: HellBound
2026-09-28 15:29:04.528 [main] INFO  c.p.automation.utils.ElementActions - Clearing and typing 'HellBound' into element: By.name: username
2026-09-28 15:29:04.571 [main] INFO  c.p.automation.utils.ElementActions - Clearing and typing 'HellBound' into element: By.name: password
2026-09-28 15:29:04.621 [main] INFO  c.p.automation.pages.LoginPage - Submitting login form
2026-09-28 15:29:05.004 [main] INFO  c.p.automation.pages.NavigationMenu - Navigating to 'updateprofile.htm' using link: By.xpath: //div[@id='leftPanel']//a[contains(@href, 'updateprofile.htm')]
2026-09-28 15:29:05.004 [main] INFO  c.p.automation.utils.ElementActions - JS clicking on element: By.xpath: //div[@id='leftPanel']//a[contains(@href, 'updateprofile.htm')]
2026-09-28 15:29:20.075 [main] ERROR com.parabank.automation.hooks.Hooks - Scenario FAILED: Update contact info and verify persistence after relogin. Capturing failure screenshot...
2026-09-28 15:29:20.130 [main] INFO  com.parabank.automation.hooks.Hooks - Tearing down WebDriver session and clearing ScenarioContext.
2026-09-28 15:29:20.263 [main] INFO  c.p.automation.driver.DriverManager - WebDriver successfully terminated on thread main
2026-09-28 15:29:58.172 [main] INFO  com.parabank.automation.hooks.Hooks - ================================================================================
2026-09-28 15:29:58.173 [main] INFO  com.parabank.automation.hooks.Hooks - STARTING SCENARIO: Update contact info and verify persistence after relogin
2026-09-28 15:29:58.174 [main] INFO  com.parabank.automation.hooks.Hooks - Tags: [@ProfileManagement, @Security, @Regression, @RequiresAuth]
2026-09-28 15:29:58.174 [main] INFO  com.parabank.automation.hooks.Hooks - ================================================================================
2026-09-28 15:29:58.175 [main] INFO  c.p.automation.config.ConfigReader - Successfully loaded configuration properties from config.properties
2026-09-28 15:29:58.175 [main] INFO  c.p.automation.driver.DriverManager - Initializing WebDriver instance for browser: chrome, headless: true
2026-09-28 15:29:58.965 [main] INFO  c.p.automation.driver.DriverManager - WebDriver initialized successfully on thread main
2026-09-28 15:30:00.472 [main] INFO  c.p.a.stepdefinitions.CommonSteps - Logging into Parabank with username 'HellBound'
2026-09-28 15:30:00.938 [main] INFO  c.p.automation.pages.LoginPage - Logging in with username: HellBound
2026-09-28 15:30:00.946 [main] INFO  c.p.automation.utils.ElementActions - Clearing and typing 'HellBound' into element: By.name: username
2026-09-28 15:30:01.004 [main] INFO  c.p.automation.utils.ElementActions - Clearing and typing 'HellBound' into element: By.name: password
2026-09-28 15:30:01.067 [main] ERROR com.parabank.automation.hooks.Hooks - Scenario FAILED: Update contact info and verify persistence after relogin. Capturing failure screenshot...
2026-09-28 15:30:01.135 [main] INFO  com.parabank.automation.hooks.Hooks - Tearing down WebDriver session and clearing ScenarioContext.
2026-09-28 15:30:01.217 [main] INFO  c.p.automation.driver.DriverManager - WebDriver successfully terminated on thread main
2026-09-28 15:30:24.472 [main] INFO  com.parabank.automation.hooks.Hooks - ================================================================================
2026-09-28 15:30:24.473 [main] INFO  com.parabank.automation.hooks.Hooks - STARTING SCENARIO: Update contact info and verify persistence after relogin
2026-09-28 15:30:24.474 [main] INFO  com.parabank.automation.hooks.Hooks - Tags: [@ProfileManagement, @Security, @Regression, @RequiresAuth]
2026-09-28 15:30:24.474 [main] INFO  com.parabank.automation.hooks.Hooks - ================================================================================
2026-09-28 15:30:24.475 [main] INFO  c.p.automation.config.ConfigReader - Successfully loaded configuration properties from config.properties
2026-09-28 15:30:24.475 [main] INFO  c.p.automation.driver.DriverManager - Initializing WebDriver instance for browser: chrome, headless: true
2026-09-28 15:30:25.335 [main] INFO  c.p.automation.driver.DriverManager - WebDriver initialized successfully on thread main
2026-09-28 15:30:27.076 [main] INFO  c.p.a.stepdefinitions.CommonSteps - Logging into Parabank with username 'HellBound'
2026-09-28 15:30:27.558 [main] INFO  c.p.automation.pages.LoginPage - Logging in with username: HellBound
2026-09-28 15:30:27.568 [main] INFO  c.p.automation.utils.ElementActions - Clearing and typing 'HellBound' into element: By.name: username
2026-09-28 15:30:27.630 [main] INFO  c.p.automation.utils.ElementActions - Clearing and typing 'HellBound' into element: By.name: password
2026-09-28 15:30:27.682 [main] INFO  c.p.automation.pages.LoginPage - Submitting login form
2026-09-28 15:30:28.995 [main] INFO  c.p.automation.pages.NavigationMenu - Navigating to 'updateprofile.htm' using link: By.xpath: //div[@id='leftPanel']//a[contains(@href, 'updateprofile.htm')]
2026-09-28 15:30:28.995 [main] INFO  c.p.automation.utils.ElementActions - JS clicking on element: By.xpath: //div[@id='leftPanel']//a[contains(@href, 'updateprofile.htm')]
2026-09-28 15:30:29.866 [main] INFO  c.p.a.pages.UpdateProfilePage - Updating contact info: Street='777 Quantum Way', City='Cyberville', State='WA', Zip='98052', Phone='425-555-0144'
2026-09-28 15:30:29.893 [main] INFO  c.p.automation.utils.ElementActions - Clearing and typing '777 Quantum Way' into element: By.id: customer.address.street
2026-09-28 15:30:29.938 [main] INFO  c.p.automation.utils.ElementActions - Clearing and typing 'Cyberville' into element: By.id: customer.address.city
2026-09-28 15:30:29.979 [main] INFO  c.p.automation.utils.ElementActions - Clearing and typing 'WA' into element: By.id: customer.address.state
2026-09-28 15:30:30.020 [main] INFO  c.p.automation.utils.ElementActions - Clearing and typing '98052' into element: By.id: customer.address.zipCode
2026-09-28 15:30:30.073 [main] INFO  c.p.automation.utils.ElementActions - Clearing and typing '425-555-0144' into element: By.id: customer.phoneNumber
2026-09-28 15:30:30.717 [main] INFO  c.p.automation.pages.NavigationMenu - Navigating to 'index.htm' using link: By.xpath: //div[@id='leftPanel']//a[contains(@href, 'logout.htm')]
2026-09-28 15:30:30.717 [main] INFO  c.p.automation.utils.ElementActions - JS clicking on element: By.xpath: //div[@id='leftPanel']//a[contains(@href, 'logout.htm')]
2026-09-28 15:30:31.349 [main] INFO  c.p.automation.pages.LoginPage - Logging in with username: HellBound
2026-09-28 15:30:31.353 [main] INFO  c.p.automation.utils.ElementActions - Clearing and typing 'HellBound' into element: By.name: username
2026-09-28 15:30:31.394 [main] INFO  c.p.automation.utils.ElementActions - Clearing and typing 'HellBound' into element: By.name: password
2026-09-28 15:30:31.441 [main] INFO  c.p.automation.pages.LoginPage - Submitting login form
2026-09-28 15:30:32.647 [main] INFO  c.p.automation.pages.NavigationMenu - Navigating to 'updateprofile.htm' using link: By.xpath: //div[@id='leftPanel']//a[contains(@href, 'updateprofile.htm')]
2026-09-28 15:30:32.648 [main] INFO  c.p.automation.utils.ElementActions - JS clicking on element: By.xpath: //div[@id='leftPanel']//a[contains(@href, 'updateprofile.htm')]
2026-09-28 15:30:33.625 [main] INFO  com.parabank.automation.hooks.Hooks - Scenario PASSED: Update contact info and verify persistence after relogin
2026-09-28 15:30:33.626 [main] INFO  com.parabank.automation.hooks.Hooks - Tearing down WebDriver session and clearing ScenarioContext.
2026-09-28 15:30:33.708 [main] INFO  c.p.automation.driver.DriverManager - WebDriver successfully terminated on thread main
2026-09-28 15:34:39.332 [main] INFO  com.parabank.automation.hooks.Hooks - ================================================================================
2026-09-28 15:34:39.332 [main] INFO  com.parabank.automation.hooks.Hooks - STARTING SCENARIO: Sequentially fund multiple accounts and audit total conservation of funds
2026-09-28 15:34:39.333 [main] INFO  com.parabank.automation.hooks.Hooks - Tags: [@ComplexFlow, @MultiAccount, @Regression, @RequiresAuth]
2026-09-28 15:34:39.333 [main] INFO  com.parabank.automation.hooks.Hooks - ================================================================================
2026-09-28 15:34:39.334 [main] INFO  c.p.automation.config.ConfigReader - Successfully loaded configuration properties from config.properties
2026-09-28 15:34:39.335 [main] INFO  c.p.automation.driver.DriverManager - Initializing WebDriver instance for browser: chrome, headless: true
2026-09-28 15:34:40.177 [main] INFO  c.p.automation.driver.DriverManager - WebDriver initialized successfully on thread main
2026-09-28 15:34:41.743 [main] INFO  c.p.a.stepdefinitions.CommonSteps - Logging into Parabank with username 'HellBound'
2026-09-28 15:34:42.215 [main] INFO  c.p.automation.pages.LoginPage - Logging in with username: HellBound
2026-09-28 15:34:42.224 [main] INFO  c.p.automation.utils.ElementActions - Clearing and typing 'HellBound' into element: By.name: username
2026-09-28 15:34:42.281 [main] INFO  c.p.automation.utils.ElementActions - Clearing and typing 'HellBound' into element: By.name: password
2026-09-28 15:34:42.331 [main] INFO  c.p.automation.pages.LoginPage - Submitting login form
2026-09-28 15:34:43.621 [main] INFO  c.p.automation.pages.NavigationMenu - Navigating to 'openaccount.htm' using link: By.xpath: //div[@id='leftPanel']//a[contains(@href, 'openaccount.htm')]
2026-09-28 15:34:43.622 [main] INFO  c.p.automation.utils.ElementActions - JS clicking on element: By.xpath: //div[@id='leftPanel']//a[contains(@href, 'openaccount.htm')]
2026-09-28 15:34:44.488 [main] INFO  c.p.automation.pages.OpenAccountPage - Selecting account type: CHECKING
2026-09-28 15:34:44.531 [main] INFO  c.p.automation.utils.ElementActions - Selecting option value '0' from dropdown: By.id: type
2026-09-28 15:34:44.640 [main] INFO  c.p.a.s.AccountLifecycleSteps - Auto-discovered primary account ID: 13677
2026-09-28 15:34:44.641 [main] INFO  c.p.automation.pages.OpenAccountPage - Selecting source account: 13677
2026-09-28 15:34:44.672 [main] INFO  c.p.automation.utils.ElementActions - Selecting option '13677' from dropdown: By.id: fromAccountId
2026-09-28 15:34:44.711 [main] INFO  c.p.automation.pages.OpenAccountPage - Submitting open account request
2026-09-28 15:34:45.282 [main] INFO  c.p.automation.pages.OpenAccountPage - Newly created account number: 50529
2026-09-28 15:34:45.282 [main] INFO  c.p.a.s.AccountLifecycleSteps - Opened secondary account: 50529
2026-09-28 15:34:45.283 [main] INFO  c.p.automation.pages.NavigationMenu - Navigating to 'openaccount.htm' using link: By.xpath: //div[@id='leftPanel']//a[contains(@href, 'openaccount.htm')]
2026-09-28 15:34:45.283 [main] INFO  c.p.automation.utils.ElementActions - JS clicking on element: By.xpath: //div[@id='leftPanel']//a[contains(@href, 'openaccount.htm')]
2026-09-28 15:34:46.143 [main] INFO  c.p.automation.pages.OpenAccountPage - Selecting account type: SAVINGS
2026-09-28 15:34:46.172 [main] INFO  c.p.automation.utils.ElementActions - Selecting option value '1' from dropdown: By.id: type
2026-09-28 15:34:46.228 [main] INFO  c.p.automation.pages.OpenAccountPage - Selecting source account: 13677
2026-09-28 15:34:46.264 [main] INFO  c.p.automation.utils.ElementActions - Selecting option '13677' from dropdown: By.id: fromAccountId
2026-09-28 15:34:46.305 [main] INFO  c.p.automation.pages.OpenAccountPage - Submitting open account request
2026-09-28 15:34:46.870 [main] INFO  c.p.automation.pages.OpenAccountPage - Newly created account number: 50640
2026-09-28 15:34:46.871 [main] INFO  c.p.a.s.AccountLifecycleSteps - Opened tertiary account: 50640
2026-09-28 15:34:46.871 [main] INFO  c.p.automation.pages.NavigationMenu - Navigating to 'overview.htm' using link: By.xpath: //div[@id='leftPanel']//a[contains(@href, 'overview.htm')]
2026-09-28 15:34:46.871 [main] INFO  c.p.automation.utils.ElementActions - JS clicking on element: By.xpath: //div[@id='leftPanel']//a[contains(@href, 'overview.htm')]
2026-09-28 15:34:47.732 [main] INFO  c.p.a.pages.AccountsOverviewPage - Waiting for Accounts Overview table to dynamically render...
2026-09-28 15:34:47.753 [main] INFO  c.p.a.pages.AccountsOverviewPage - Waiting for Accounts Overview table to dynamically render...
2026-09-28 15:34:47.788 [main] INFO  c.p.a.pages.AccountsOverviewPage - Waiting for Accounts Overview table to dynamically render...
2026-09-28 15:34:47.821 [main] INFO  c.p.a.pages.AccountsOverviewPage - Waiting for Accounts Overview table to dynamically render...
2026-09-28 15:34:47.852 [main] INFO  c.p.a.pages.AccountsOverviewPage - Waiting for Accounts Overview table to dynamically render...
2026-09-28 15:34:47.885 [main] INFO  c.p.a.s.AccountLifecycleSteps - Recorded initial trio balances: Primary=$-212.5, Secondary=$100.0, Tertiary=$100.0
2026-09-28 15:34:47.886 [main] INFO  c.p.automation.pages.NavigationMenu - Navigating to 'transfer.htm' using link: By.xpath: //div[@id='leftPanel']//a[contains(@href, 'transfer.htm')]
2026-09-28 15:34:47.886 [main] INFO  c.p.automation.utils.ElementActions - JS clicking on element: By.xpath: //div[@id='leftPanel']//a[contains(@href, 'transfer.htm')]
2026-09-28 15:34:48.745 [main] INFO  c.p.a.pages.TransferFundsPage - Initiating fund transfer of $25.0 from 13677 to 50529
2026-09-28 15:34:48.788 [main] INFO  c.p.a.pages.TransferFundsPage - Entering transfer amount: 25.0
2026-09-28 15:34:48.789 [main] INFO  c.p.automation.utils.ElementActions - Clearing and typing '25.00' into element: By.id: amount
2026-09-28 15:34:48.831 [main] INFO  c.p.a.pages.TransferFundsPage - Selecting source account: 13677
2026-09-28 15:34:48.851 [main] INFO  c.p.automation.utils.ElementActions - Selecting option '13677' from dropdown: By.id: fromAccountId
2026-09-28 15:34:48.886 [main] INFO  c.p.a.pages.TransferFundsPage - Selecting target account: 50529
2026-09-28 15:34:48.922 [main] INFO  c.p.automation.utils.ElementActions - Selecting option '50529' from dropdown: By.id: toAccountId
2026-09-28 15:34:48.967 [main] INFO  c.p.a.pages.TransferFundsPage - Clicking Transfer button
2026-09-28 15:34:49.521 [main] INFO  c.p.automation.pages.NavigationMenu - Navigating to 'transfer.htm' using link: By.xpath: //div[@id='leftPanel']//a[contains(@href, 'transfer.htm')]
2026-09-28 15:34:49.521 [main] INFO  c.p.automation.utils.ElementActions - JS clicking on element: By.xpath: //div[@id='leftPanel']//a[contains(@href, 'transfer.htm')]
2026-09-28 15:34:50.366 [main] INFO  c.p.a.pages.TransferFundsPage - Initiating fund transfer of $10.0 from 50529 to 50640
2026-09-28 15:34:50.407 [main] INFO  c.p.a.pages.TransferFundsPage - Entering transfer amount: 10.0
2026-09-28 15:34:50.408 [main] INFO  c.p.automation.utils.ElementActions - Clearing and typing '10.00' into element: By.id: amount
2026-09-28 15:34:50.451 [main] INFO  c.p.a.pages.TransferFundsPage - Selecting source account: 50529
2026-09-28 15:34:50.487 [main] INFO  c.p.automation.utils.ElementActions - Selecting option '50529' from dropdown: By.id: fromAccountId
2026-09-28 15:34:50.531 [main] INFO  c.p.a.pages.TransferFundsPage - Selecting target account: 50640
2026-09-28 15:34:50.574 [main] INFO  c.p.automation.utils.ElementActions - Selecting option '50640' from dropdown: By.id: toAccountId
2026-09-28 15:34:50.628 [main] INFO  c.p.a.pages.TransferFundsPage - Clicking Transfer button
2026-09-28 15:34:51.168 [main] INFO  c.p.automation.pages.NavigationMenu - Navigating to 'overview.htm' using link: By.xpath: //div[@id='leftPanel']//a[contains(@href, 'overview.htm')]
2026-09-28 15:34:51.169 [main] INFO  c.p.automation.utils.ElementActions - JS clicking on element: By.xpath: //div[@id='leftPanel']//a[contains(@href, 'overview.htm')]
2026-09-28 15:34:52.018 [main] INFO  c.p.a.pages.AccountsOverviewPage - Waiting for Accounts Overview table to dynamically render...
2026-09-28 15:34:52.035 [main] INFO  c.p.a.pages.AccountsOverviewPage - Waiting for Accounts Overview table to dynamically render...
2026-09-28 15:34:52.107 [main] INFO  c.p.a.pages.AccountsOverviewPage - Waiting for Accounts Overview table to dynamically render...
2026-09-28 15:34:52.127 [main] INFO  c.p.a.pages.AccountsOverviewPage - Waiting for Accounts Overview table to dynamically render...
2026-09-28 15:34:52.156 [main] INFO  c.p.a.pages.AccountsOverviewPage - Waiting for Accounts Overview table to dynamically render...
2026-09-28 15:34:52.174 [main] INFO  c.p.a.pages.AccountsOverviewPage - Waiting for Accounts Overview table to dynamically render...
2026-09-28 15:34:52.205 [main] INFO  c.p.a.pages.AccountsOverviewPage - Waiting for Accounts Overview table to dynamically render...
2026-09-28 15:34:52.224 [main] INFO  c.p.a.pages.AccountsOverviewPage - Waiting for Accounts Overview table to dynamically render...
2026-09-28 15:34:52.257 [main] INFO  com.parabank.automation.hooks.Hooks - Scenario PASSED: Sequentially fund multiple accounts and audit total conservation of funds
2026-09-28 15:34:52.257 [main] INFO  com.parabank.automation.hooks.Hooks - Tearing down WebDriver session and clearing ScenarioContext.
2026-09-28 15:34:52.345 [main] INFO  c.p.automation.driver.DriverManager - WebDriver successfully terminated on thread main
2026-09-28 15:35:03.382 [main] INFO  com.parabank.automation.hooks.Hooks - ================================================================================
2026-09-28 15:35:03.383 [main] INFO  com.parabank.automation.hooks.Hooks - STARTING SCENARIO: Execute composite banking workflow and verify post-logout session isolation
2026-09-28 15:35:03.384 [main] INFO  com.parabank.automation.hooks.Hooks - Tags: [@EndToEnd, @Security, @SessionControl, @Regression, @RequiresAuth]
2026-09-28 15:35:03.384 [main] INFO  com.parabank.automation.hooks.Hooks - ================================================================================
2026-09-28 15:35:03.385 [main] INFO  c.p.automation.config.ConfigReader - Successfully loaded configuration properties from config.properties
2026-09-28 15:35:03.386 [main] INFO  c.p.automation.driver.DriverManager - Initializing WebDriver instance for browser: chrome, headless: true
2026-09-28 15:35:04.222 [main] INFO  c.p.automation.driver.DriverManager - WebDriver initialized successfully on thread main
2026-09-28 15:35:05.791 [main] INFO  c.p.a.stepdefinitions.CommonSteps - Logging into Parabank with username 'HellBound'
2026-09-28 15:35:06.264 [main] INFO  c.p.automation.pages.LoginPage - Logging in with username: HellBound
2026-09-28 15:35:06.274 [main] INFO  c.p.automation.utils.ElementActions - Clearing and typing 'HellBound' into element: By.name: username
2026-09-28 15:35:06.333 [main] INFO  c.p.automation.utils.ElementActions - Clearing and typing 'HellBound' into element: By.name: password
2026-09-28 15:35:06.383 [main] INFO  c.p.automation.pages.LoginPage - Submitting login form
2026-09-28 15:35:07.713 [main] INFO  c.p.automation.pages.NavigationMenu - Navigating to 'openaccount.htm' using link: By.xpath: //div[@id='leftPanel']//a[contains(@href, 'openaccount.htm')]
2026-09-28 15:35:07.713 [main] INFO  c.p.automation.utils.ElementActions - JS clicking on element: By.xpath: //div[@id='leftPanel']//a[contains(@href, 'openaccount.htm')]
2026-09-28 15:35:08.589 [main] INFO  c.p.automation.pages.OpenAccountPage - Selecting account type: SAVINGS
2026-09-28 15:35:08.634 [main] INFO  c.p.automation.utils.ElementActions - Selecting option value '1' from dropdown: By.id: type
2026-09-28 15:35:08.741 [main] INFO  c.p.a.s.AccountLifecycleSteps - Auto-discovered primary account ID: 13677
2026-09-28 15:35:08.742 [main] INFO  c.p.automation.pages.OpenAccountPage - Selecting source account: 13677
2026-09-28 15:35:08.772 [main] INFO  c.p.automation.utils.ElementActions - Selecting option '13677' from dropdown: By.id: fromAccountId
2026-09-28 15:35:08.816 [main] INFO  c.p.automation.pages.OpenAccountPage - Submitting open account request
2026-09-28 15:35:09.388 [main] INFO  c.p.automation.pages.OpenAccountPage - Newly created account number: 50973
2026-09-28 15:35:09.425 [main] INFO  c.p.a.s.AccountLifecycleSteps - Successfully created and captured new account ID: 50973
2026-09-28 15:35:09.426 [main] INFO  c.p.automation.pages.NavigationMenu - Navigating to 'transfer.htm' using link: By.xpath: //div[@id='leftPanel']//a[contains(@href, 'transfer.htm')]
2026-09-28 15:35:09.426 [main] INFO  c.p.automation.utils.ElementActions - JS clicking on element: By.xpath: //div[@id='leftPanel']//a[contains(@href, 'transfer.htm')]
2026-09-28 15:35:10.296 [main] INFO  c.p.a.pages.TransferFundsPage - Initiating fund transfer of $60.0 from 13677 to 50973
2026-09-28 15:35:10.344 [main] INFO  c.p.a.pages.TransferFundsPage - Entering transfer amount: 60.0
2026-09-28 15:35:10.345 [main] INFO  c.p.automation.utils.ElementActions - Clearing and typing '60.00' into element: By.id: amount
2026-09-28 15:35:10.390 [main] INFO  c.p.a.pages.TransferFundsPage - Selecting source account: 13677
2026-09-28 15:35:10.413 [main] INFO  c.p.automation.utils.ElementActions - Selecting option '13677' from dropdown: By.id: fromAccountId
2026-09-28 15:35:10.451 [main] INFO  c.p.a.pages.TransferFundsPage - Selecting target account: 50973
2026-09-28 15:35:10.494 [main] INFO  c.p.automation.utils.ElementActions - Selecting option '50973' from dropdown: By.id: toAccountId
2026-09-28 15:35:10.542 [main] INFO  c.p.a.pages.TransferFundsPage - Clicking Transfer button
2026-09-28 15:35:11.112 [main] INFO  c.p.automation.pages.NavigationMenu - Navigating to 'overview.htm' using link: By.xpath: //div[@id='leftPanel']//a[contains(@href, 'overview.htm')]
2026-09-28 15:35:11.113 [main] INFO  c.p.automation.utils.ElementActions - JS clicking on element: By.xpath: //div[@id='leftPanel']//a[contains(@href, 'overview.htm')]
2026-09-28 15:35:11.978 [main] INFO  c.p.a.pages.AccountsOverviewPage - Waiting for Accounts Overview table to dynamically render...
2026-09-28 15:35:11.999 [main] INFO  c.p.a.pages.AccountsOverviewPage - Waiting for Accounts Overview table to dynamically render...
2026-09-28 15:35:12.034 [main] INFO  c.p.automation.pages.NavigationMenu - Navigating to 'index.htm' using link: By.xpath: //div[@id='leftPanel']//a[contains(@href, 'logout.htm')]
2026-09-28 15:35:12.034 [main] INFO  c.p.automation.utils.ElementActions - JS clicking on element: By.xpath: //div[@id='leftPanel']//a[contains(@href, 'logout.htm')]
2026-09-28 15:35:12.744 [main] INFO  c.p.a.stepdefinitions.CommonSteps - Attempting unauthorized access to https://parabank.parasoft.com/parabank/overview.htm
2026-09-28 15:35:13.120 [main] INFO  com.parabank.automation.hooks.Hooks - Scenario PASSED: Execute composite banking workflow and verify post-logout session isolation
2026-09-28 15:35:13.120 [main] INFO  com.parabank.automation.hooks.Hooks - Tearing down WebDriver session and clearing ScenarioContext.
2026-09-28 15:35:13.206 [main] INFO  c.p.automation.driver.DriverManager - WebDriver successfully terminated on thread main
